,ID,scenario,seed,Controller,numPlatCars,numHumanCars,spdLeader,BeaconIntervalPlat,BeaconIntervalHuman,DENMInterval,DecelerationRate,PacketSize,Ctr_Param(Ploegh||Spacing),waitTime,Collision
400,1,1,0,CACC,7,10,100,0.05,0.02,0.05,8,100,3.0,0.007,False
401,1,1,0,CACC,7,10,100,0.05,0.02,0.05,8,100,3.0,0.007,False
402,1,1,0,CACC,7,10,100,0.05,0.02,0.05,8,100,3.0,0.007,False
403,2,1,0,CACC,7,10,100,0.05,0.02,0.05,8,100,3.0,0.004,False
404,3,2,0,CACC,7,10,100,0.05,0.02,0.05,8,100,4.0,0.007,False
405,4,2,0,CACC,7,10,100,0.05,0.02,0.05,8,100,4.0,0.004,False
406,5,3,0,CACC,7,10,100,0.05,0.02,0.05,8,100,5.0,0.007,False
407,6,3,0,CACC,7,10,100,0.05,0.02,0.05,8,100,5.0,0.004,False
408,7,4,0,CACC,7,10,100,0.05,0.02,0.05,8,100,8.0,0.007,False
409,8,4,0,CACC,7,10,100,0.05,0.02,0.05,8,100,8.0,0.004,False
410,9,5,0,CACC,7,10,100,0.05,0.02,0.05,8,500,3.0,0.007,False
411,10,5,0,CACC,7,10,100,0.05,0.02,0.05,8,500,3.0,0.004,False
412,11,6,0,CACC,7,10,100,0.05,0.02,0.05,8,500,4.0,0.007,False
413,12,6,0,CACC,7,10,100,0.05,0.02,0.05,8,500,4.0,0.004,False
414,13,7,0,CACC,7,10,100,0.05,0.02,0.05,8,500,5.0,0.007,False
415,14,7,0,CACC,7,10,100,0.05,0.02,0.05,8,500,5.0,0.004,False
416,15,8,0,CACC,7,10,100,0.05,0.02,0.05,8,500,8.0,0.007,False
417,16,8,0,CACC,7,10,100,0.05,0.02,0.05,8,500,8.0,0.004,False
418,17,9,0,CACC,7,10,100,0.05,0.02,0.05,6,100,3.0,0.007,False
419,18,9,0,CACC,7,10,100,0.05,0.02,0.05,6,100,3.0,0.004,False
420,19,10,0,CACC,7,10,100,0.05,0.02,0.05,6,100,4.0,0.007,False
421,20,10,0,CACC,7,10,100,0.05,0.02,0.05,6,100,4.0,0.004,False
422,21,11,0,CACC,7,10,100,0.05,0.02,0.05,6,100,5.0,0.007,False
423,22,11,0,CACC,7,10,100,0.05,0.02,0.05,6,100,5.0,0.004,False
424,23,12,0,CACC,7,10,100,0.05,0.02,0.05,6,100,8.0,0.007,False
425,24,12,0,CACC,7,10,100,0.05,0.02,0.05,6,100,8.0,0.004,False
426,25,13,0,CACC,7,10,100,0.05,0.02,0.05,6,500,3.0,0.007,False
427,26,13,0,CACC,7,10,100,0.05,0.02,0.05,6,500,3.0,0.004,False
428,27,14,0,CACC,7,10,100,0.05,0.02,0.05,6,500,4.0,0.007,False
429,28,14,0,CACC,7,10,100,0.05,0.02,0.05,6,500,4.0,0.004,False
430,29,15,0,CACC,7,10,100,0.05,0.02,0.05,6,500,5.0,0.007,False
431,30,15,0,CACC,7,10,100,0.05,0.02,0.05,6,500,5.0,0.004,False
432,31,16,0,CACC,7,10,100,0.05,0.02,0.05,6,500,8.0,0.007,False
433,32,16,0,CACC,7,10,100,0.05,0.02,0.05,6,500,8.0,0.004,False
434,33,17,0,CACC,7,10,100,0.05,0.04,0.05,8,100,3.0,0.004,False
435,34,17,0,CACC,7,10,100,0.05,0.04,0.05,8,100,3.0,0.002,False
436,35,18,0,CACC,7,10,100,0.05,0.04,0.05,8,100,4.0,0.004,False
437,36,18,0,CACC,7,10,100,0.05,0.04,0.05,8,100,4.0,0.002,False
438,37,19,0,CACC,7,10,100,0.05,0.04,0.05,8,100,5.0,0.004,False
439,38,19,0,CACC,7,10,100,0.05,0.04,0.05,8,100,5.0,0.002,False
440,39,20,0,CACC,7,10,100,0.05,0.04,0.05,8,100,8.0,0.004,False
441,40,20,0,CACC,7,10,100,0.05,0.04,0.05,8,100,8.0,0.002,False
442,41,21,0,CACC,7,10,100,0.05,0.04,0.05,8,500,3.0,0.004,False
443,42,21,0,CACC,7,10,100,0.05,0.04,0.05,8,500,3.0,0.002,False
444,43,22,0,CACC,7,10,100,0.05,0.04,0.05,8,500,4.0,0.004,False
445,44,22,0,CACC,7,10,100,0.05,0.04,0.05,8,500,4.0,0.002,False
446,45,23,0,CACC,7,10,100,0.05,0.04,0.05,8,500,5.0,0.004,False
447,46,23,0,CACC,7,10,100,0.05,0.04,0.05,8,500,5.0,0.002,False
448,47,24,0,CACC,7,10,100,0.05,0.04,0.05,8,500,8.0,0.004,False
449,48,24,0,CACC,7,10,100,0.05,0.04,0.05,8,500,8.0,0.002,False
450,49,25,0,CACC,7,10,100,0.05,0.04,0.05,6,100,3.0,0.004,False
451,50,25,0,CACC,7,10,100,0.05,0.04,0.05,6,100,3.0,0.002,False
452,51,26,0,CACC,7,10,100,0.05,0.04,0.05,6,100,4.0,0.004,False
453,52,26,0,CACC,7,10,100,0.05,0.04,0.05,6,100,4.0,0.002,False
454,53,27,0,CACC,7,10,100,0.05,0.04,0.05,6,100,5.0,0.004,False
455,54,27,0,CACC,7,10,100,0.05,0.04,0.05,6,100,5.0,0.002,False
456,55,28,0,CACC,7,10,100,0.05,0.04,0.05,6,100,8.0,0.004,False
457,56,28,0,CACC,7,10,100,0.05,0.04,0.05,6,100,8.0,0.002,False
458,57,29,0,CACC,7,10,100,0.05,0.04,0.05,6,500,3.0,0.004,False
459,58,29,0,CACC,7,10,100,0.05,0.04,0.05,6,500,3.0,0.002,False
460,59,30,0,CACC,7,10,100,0.05,0.04,0.05,6,500,4.0,0.004,False
461,60,30,0,CACC,7,10,100,0.05,0.04,0.05,6,500,4.0,0.002,False
462,61,31,0,CACC,7,10,100,0.05,0.04,0.05,6,500,5.0,0.004,False
463,62,31,0,CACC,7,10,100,0.05,0.04,0.05,6,500,5.0,0.002,False
464,63,32,0,CACC,7,10,100,0.05,0.04,0.05,6,500,8.0,0.004,False
465,64,32,0,CACC,7,10,100,0.05,0.04,0.05,6,500,8.0,0.002,False
466,65,33,0,CACC,7,10,100,0.05,0.03,0.05,8,100,3.0,0.004,False
467,66,33,0,CACC,7,10,100,0.05,0.03,0.05,8,100,3.0,0.002,False
468,67,34,0,CACC,7,10,100,0.05,0.03,0.05,8,100,4.0,0.004,False
469,68,34,0,CACC,7,10,100,0.05,0.03,0.05,8,100,4.0,0.002,False
470,69,35,0,CACC,7,10,100,0.05,0.03,0.05,8,100,5.0,0.004,False
471,70,35,0,CACC,7,10,100,0.05,0.03,0.05,8,100,5.0,0.002,False
472,71,36,0,CACC,7,10,100,0.05,0.03,0.05,8,100,8.0,0.004,False
473,72,36,0,CACC,7,10,100,0.05,0.03,0.05,8,100,8.0,0.002,False
474,73,37,0,CACC,7,10,100,0.05,0.03,0.05,8,500,3.0,0.004,False
475,74,37,0,CACC,7,10,100,0.05,0.03,0.05,8,500,3.0,0.002,False
476,75,38,0,CACC,7,10,100,0.05,0.03,0.05,8,500,4.0,0.004,False
477,76,38,0,CACC,7,10,100,0.05,0.03,0.05,8,500,4.0,0.002,False
478,77,39,0,CACC,7,10,100,0.05,0.03,0.05,8,500,5.0,0.004,False
479,78,39,0,CACC,7,10,100,0.05,0.03,0.05,8,500,5.0,0.002,False
480,79,40,0,CACC,7,10,100,0.05,0.03,0.05,8,500,8.0,0.004,False
481,80,40,0,CACC,7,10,100,0.05,0.03,0.05,8,500,8.0,0.002,False
482,81,41,0,CACC,7,10,100,0.05,0.03,0.05,6,100,3.0,0.004,False
483,82,41,0,CACC,7,10,100,0.05,0.03,0.05,6,100,3.0,0.002,False
484,83,42,0,CACC,7,10,100,0.05,0.03,0.05,6,100,4.0,0.004,False
485,84,42,0,CACC,7,10,100,0.05,0.03,0.05,6,100,4.0,0.002,False
486,85,43,0,CACC,7,10,100,0.05,0.03,0.05,6,100,5.0,0.004,False
487,86,43,0,CACC,7,10,100,0.05,0.03,0.05,6,100,5.0,0.002,False
488,87,44,0,CACC,7,10,100,0.05,0.03,0.05,6,100,8.0,0.004,False
489,88,44,0,CACC,7,10,100,0.05,0.03,0.05,6,100,8.0,0.002,False
490,89,45,0,CACC,7,10,100,0.05,0.03,0.05,6,500,3.0,0.004,False
491,90,45,0,CACC,7,10,100,0.05,0.03,0.05,6,500,3.0,0.002,False
492,91,46,0,CACC,7,10,100,0.05,0.03,0.05,6,500,4.0,0.004,False
493,92,46,0,CACC,7,10,100,0.05,0.03,0.05,6,500,4.0,0.002,False
494,93,47,0,CACC,7,10,100,0.05,0.03,0.05,6,500,5.0,0.004,False
495,94,47,0,CACC,7,10,100,0.05,0.03,0.05,6,500,5.0,0.002,False
496,95,48,0,CACC,7,10,100,0.05,0.03,0.05,6,500,8.0,0.004,False
497,96,48,0,CACC,7,10,100,0.05,0.03,0.05,6,500,8.0,0.002,False
498,97,49,0,CACC,7,10,100,0.1,0.02,0.1,8,100,3.0,0.007,False
499,98,49,0,CACC,7,10,100,0.1,0.02,0.1,8,100,3.0,0.004,False
500,99,50,0,CACC,7,10,100,0.1,0.02,0.1,8,100,4.0,0.007,False
501,100,50,0,CACC,7,10,100,0.1,0.02,0.1,8,100,4.0,0.004,False
502,101,51,0,CACC,7,10,100,0.1,0.02,0.1,8,100,5.0,0.007,False
503,102,51,0,CACC,7,10,100,0.1,0.02,0.1,8,100,5.0,0.004,False
504,103,52,0,CACC,7,10,100,0.1,0.02,0.1,8,100,8.0,0.007,False
505,104,52,0,CACC,7,10,100,0.1,0.02,0.1,8,100,8.0,0.004,False
506,105,53,0,CACC,7,10,100,0.1,0.02,0.1,8,500,3.0,0.007,False
507,106,53,0,CACC,7,10,100,0.1,0.02,0.1,8,500,3.0,0.004,False
508,107,54,0,CACC,7,10,100,0.1,0.02,0.1,8,500,4.0,0.007,False
509,108,54,0,CACC,7,10,100,0.1,0.02,0.1,8,500,4.0,0.004,False
510,109,55,0,CACC,7,10,100,0.1,0.02,0.1,8,500,5.0,0.007,False
511,110,55,0,CACC,7,10,100,0.1,0.02,0.1,8,500,5.0,0.004,False
512,111,56,0,CACC,7,10,100,0.1,0.02,0.1,8,500,8.0,0.007,False
513,112,56,0,CACC,7,10,100,0.1,0.02,0.1,8,500,8.0,0.004,False
514,113,57,0,CACC,7,10,100,0.1,0.02,0.1,6,100,3.0,0.007,False
515,114,57,0,CACC,7,10,100,0.1,0.02,0.1,6,100,3.0,0.004,False
516,115,58,0,CACC,7,10,100,0.1,0.02,0.1,6,100,4.0,0.007,False
517,116,58,0,CACC,7,10,100,0.1,0.02,0.1,6,100,4.0,0.004,False
518,117,59,0,CACC,7,10,100,0.1,0.02,0.1,6,100,5.0,0.007,False
519,118,59,0,CACC,7,10,100,0.1,0.02,0.1,6,100,5.0,0.004,False
520,119,60,0,CACC,7,10,100,0.1,0.02,0.1,6,100,8.0,0.007,False
521,120,60,0,CACC,7,10,100,0.1,0.02,0.1,6,100,8.0,0.004,False
522,121,61,0,CACC,7,10,100,0.1,0.02,0.1,6,500,3.0,0.007,False
523,122,61,0,CACC,7,10,100,0.1,0.02,0.1,6,500,3.0,0.004,False
524,123,62,0,CACC,7,10,100,0.1,0.02,0.1,6,500,4.0,0.007,False
525,124,62,0,CACC,7,10,100,0.1,0.02,0.1,6,500,4.0,0.004,False
526,125,63,0,CACC,7,10,100,0.1,0.02,0.1,6,500,5.0,0.007,False
527,126,63,0,CACC,7,10,100,0.1,0.02,0.1,6,500,5.0,0.004,False
528,127,64,0,CACC,7,10,100,0.1,0.02,0.1,6,500,8.0,0.007,False
529,128,64,0,CACC,7,10,100,0.1,0.02,0.1,6,500,8.0,0.004,False
530,129,65,0,CACC,7,10,100,0.1,0.04,0.1,8,100,3.0,0.004,False
531,130,65,0,CACC,7,10,100,0.1,0.04,0.1,8,100,3.0,0.002,False
532,131,66,0,CACC,7,10,100,0.1,0.04,0.1,8,100,4.0,0.004,False
533,132,66,0,CACC,7,10,100,0.1,0.04,0.1,8,100,4.0,0.002,False
534,133,67,0,CACC,7,10,100,0.1,0.04,0.1,8,100,5.0,0.004,False
535,134,67,0,CACC,7,10,100,0.1,0.04,0.1,8,100,5.0,0.002,False
536,135,68,0,CACC,7,10,100,0.1,0.04,0.1,8,100,8.0,0.004,False
537,136,68,0,CACC,7,10,100,0.1,0.04,0.1,8,100,8.0,0.002,False
538,137,69,0,CACC,7,10,100,0.1,0.04,0.1,8,500,3.0,0.004,False
539,138,69,0,CACC,7,10,100,0.1,0.04,0.1,8,500,3.0,0.002,False
540,139,70,0,CACC,7,10,100,0.1,0.04,0.1,8,500,4.0,0.004,False
541,140,70,0,CACC,7,10,100,0.1,0.04,0.1,8,500,4.0,0.002,False
542,141,71,0,CACC,7,10,100,0.1,0.04,0.1,8,500,5.0,0.004,False
543,142,71,0,CACC,7,10,100,0.1,0.04,0.1,8,500,5.0,0.002,False
544,143,72,0,CACC,7,10,100,0.1,0.04,0.1,8,500,8.0,0.004,False
545,144,72,0,CACC,7,10,100,0.1,0.04,0.1,8,500,8.0,0.002,False
546,145,73,0,CACC,7,10,100,0.1,0.04,0.1,6,100,3.0,0.004,False
547,146,73,0,CACC,7,10,100,0.1,0.04,0.1,6,100,3.0,0.002,False
548,147,74,0,CACC,7,10,100,0.1,0.04,0.1,6,100,4.0,0.004,False
549,148,74,0,CACC,7,10,100,0.1,0.04,0.1,6,100,4.0,0.002,False
550,149,75,0,CACC,7,10,100,0.1,0.04,0.1,6,100,5.0,0.004,False
551,150,75,0,CACC,7,10,100,0.1,0.04,0.1,6,100,5.0,0.002,False
552,151,76,0,CACC,7,10,100,0.1,0.04,0.1,6,100,8.0,0.004,False
553,152,76,0,CACC,7,10,100,0.1,0.04,0.1,6,100,8.0,0.002,False
554,153,77,0,CACC,7,10,100,0.1,0.04,0.1,6,500,3.0,0.004,False
555,154,77,0,CACC,7,10,100,0.1,0.04,0.1,6,500,3.0,0.002,False
556,155,78,0,CACC,7,10,100,0.1,0.04,0.1,6,500,4.0,0.004,False
557,156,78,0,CACC,7,10,100,0.1,0.04,0.1,6,500,4.0,0.002,False
558,157,79,0,CACC,7,10,100,0.1,0.04,0.1,6,500,5.0,0.004,False
559,158,79,0,CACC,7,10,100,0.1,0.04,0.1,6,500,5.0,0.002,False
560,159,80,0,CACC,7,10,100,0.1,0.04,0.1,6,500,8.0,0.004,False
561,160,80,0,CACC,7,10,100,0.1,0.04,0.1,6,500,8.0,0.002,False
562,161,81,0,CACC,7,10,100,0.1,0.03,0.1,8,100,3.0,0.004,False
563,162,81,0,CACC,7,10,100,0.1,0.03,0.1,8,100,3.0,0.002,False
564,163,82,0,CACC,7,10,100,0.1,0.03,0.1,8,100,4.0,0.004,False
565,164,82,0,CACC,7,10,100,0.1,0.03,0.1,8,100,4.0,0.002,False
566,165,83,0,CACC,7,10,100,0.1,0.03,0.1,8,100,5.0,0.004,False
567,166,83,0,CACC,7,10,100,0.1,0.03,0.1,8,100,5.0,0.002,False
568,167,84,0,CACC,7,10,100,0.1,0.03,0.1,8,100,8.0,0.004,False
569,168,84,0,CACC,7,10,100,0.1,0.03,0.1,8,100,8.0,0.002,False
570,169,85,0,CACC,7,10,100,0.1,0.03,0.1,8,500,3.0,0.004,False
571,170,85,0,CACC,7,10,100,0.1,0.03,0.1,8,500,3.0,0.002,False
572,171,86,0,CACC,7,10,100,0.1,0.03,0.1,8,500,4.0,0.004,False
573,172,86,0,CACC,7,10,100,0.1,0.03,0.1,8,500,4.0,0.002,False
574,173,87,0,CACC,7,10,100,0.1,0.03,0.1,8,500,5.0,0.004,False
575,174,87,0,CACC,7,10,100,0.1,0.03,0.1,8,500,5.0,0.002,False
576,175,88,0,CACC,7,10,100,0.1,0.03,0.1,8,500,8.0,0.004,False
577,176,88,0,CACC,7,10,100,0.1,0.03,0.1,8,500,8.0,0.002,False
578,177,89,0,CACC,7,10,100,0.1,0.03,0.1,6,100,3.0,0.004,False
579,178,89,0,CACC,7,10,100,0.1,0.03,0.1,6,100,3.0,0.002,False
580,179,90,0,CACC,7,10,100,0.1,0.03,0.1,6,100,4.0,0.004,False
581,180,90,0,CACC,7,10,100,0.1,0.03,0.1,6,100,4.0,0.002,False
582,181,91,0,CACC,7,10,100,0.1,0.03,0.1,6,100,5.0,0.004,False
583,182,91,0,CACC,7,10,100,0.1,0.03,0.1,6,100,5.0,0.002,False
584,183,92,0,CACC,7,10,100,0.1,0.03,0.1,6,100,8.0,0.004,False
585,184,92,0,CACC,7,10,100,0.1,0.03,0.1,6,100,8.0,0.002,False
586,185,93,0,CACC,7,10,100,0.1,0.03,0.1,6,500,3.0,0.004,False
587,186,93,0,CACC,7,10,100,0.1,0.03,0.1,6,500,3.0,0.002,False
588,187,94,0,CACC,7,10,100,0.1,0.03,0.1,6,500,4.0,0.004,False
589,188,94,0,CACC,7,10,100,0.1,0.03,0.1,6,500,4.0,0.002,False
590,189,95,0,CACC,7,10,100,0.1,0.03,0.1,6,500,5.0,0.004,False
591,190,95,0,CACC,7,10,100,0.1,0.03,0.1,6,500,5.0,0.002,False
592,191,96,0,CACC,7,10,100,0.1,0.03,0.1,6,500,8.0,0.004,False
593,192,96,0,CACC,7,10,100,0.1,0.03,0.1,6,500,8.0,0.002,False
594,193,97,0,CACC,7,100,100,0.05,0.02,0.05,8,100,3.0,0.094,False
595,194,97,0,CACC,7,100,100,0.05,0.02,0.05,8,100,3.0,0.048,False
596,195,98,0,CACC,7,100,100,0.05,0.02,0.05,8,100,4.0,0.094,False
597,196,98,0,CACC,7,100,100,0.05,0.02,0.05,8,100,4.0,0.048,False
598,197,99,0,CACC,7,100,100,0.05,0.02,0.05,8,100,5.0,0.094,False
599,198,99,0,CACC,7,100,100,0.05,0.02,0.05,8,100,5.0,0.048,False
600,199,100,0,CACC,7,100,100,0.05,0.02,0.05,8,100,8.0,0.094,False
601,200,100,0,CACC,7,100,100,0.05,0.02,0.05,8,100,8.0,0.048,False
602,201,101,0,CACC,7,100,100,0.05,0.02,0.05,8,500,3.0,0.094,False
603,202,101,0,CACC,7,100,100,0.05,0.02,0.05,8,500,3.0,0.048,False
604,203,102,0,CACC,7,100,100,0.05,0.02,0.05,8,500,4.0,0.094,False
605,204,102,0,CACC,7,100,100,0.05,0.02,0.05,8,500,4.0,0.048,False
606,205,103,0,CACC,7,100,100,0.05,0.02,0.05,8,500,5.0,0.094,False
607,206,103,0,CACC,7,100,100,0.05,0.02,0.05,8,500,5.0,0.048,False
608,207,104,0,CACC,7,100,100,0.05,0.02,0.05,8,500,8.0,0.094,False
609,208,104,0,CACC,7,100,100,0.05,0.02,0.05,8,500,8.0,0.048,False
610,209,105,0,CACC,7,100,100,0.05,0.02,0.05,6,100,3.0,0.094,False
611,210,105,0,CACC,7,100,100,0.05,0.02,0.05,6,100,3.0,0.048,False
612,211,106,0,CACC,7,100,100,0.05,0.02,0.05,6,100,4.0,0.094,False
613,212,106,0,CACC,7,100,100,0.05,0.02,0.05,6,100,4.0,0.048,False
614,213,107,0,CACC,7,100,100,0.05,0.02,0.05,6,100,5.0,0.094,False
615,214,107,0,CACC,7,100,100,0.05,0.02,0.05,6,100,5.0,0.048,True
616,215,108,0,CACC,7,100,100,0.05,0.02,0.05,6,100,8.0,0.094,False
617,216,108,0,CACC,7,100,100,0.05,0.02,0.05,6,100,8.0,0.048,False
618,217,109,0,CACC,7,100,100,0.05,0.02,0.05,6,500,3.0,0.094,False
619,218,109,0,CACC,7,100,100,0.05,0.02,0.05,6,500,3.0,0.048,False
620,219,110,0,CACC,7,100,100,0.05,0.02,0.05,6,500,4.0,0.094,False
621,220,110,0,CACC,7,100,100,0.05,0.02,0.05,6,500,4.0,0.048,False
622,221,111,0,CACC,7,100,100,0.05,0.02,0.05,6,500,5.0,0.094,False
623,222,111,0,CACC,7,100,100,0.05,0.02,0.05,6,500,5.0,0.048,True
624,223,112,0,CACC,7,100,100,0.05,0.02,0.05,6,500,8.0,0.094,False
625,224,112,0,CACC,7,100,100,0.05,0.02,0.05,6,500,8.0,0.048,False
626,225,113,0,CACC,7,100,100,0.05,0.04,0.05,8,100,3.0,0.063,False
627,226,113,0,CACC,7,100,100,0.05,0.04,0.05,8,100,3.0,0.032,True
628,227,114,0,CACC,7,100,100,0.05,0.04,0.05,8,100,4.0,0.063,False
629,228,114,0,CACC,7,100,100,0.05,0.04,0.05,8,100,4.0,0.032,False
630,229,115,0,CACC,7,100,100,0.05,0.04,0.05,8,100,5.0,0.063,False
631,230,115,0,CACC,7,100,100,0.05,0.04,0.05,8,100,5.0,0.032,False
632,231,116,0,CACC,7,100,100,0.05,0.04,0.05,8,100,8.0,0.063,False
633,232,116,0,CACC,7,100,100,0.05,0.04,0.05,8,100,8.0,0.032,False
634,233,117,0,CACC,7,100,100,0.05,0.04,0.05,8,500,3.0,0.063,False
635,234,117,0,CACC,7,100,100,0.05,0.04,0.05,8,500,3.0,0.032,False
636,235,118,0,CACC,7,100,100,0.05,0.04,0.05,8,500,4.0,0.063,False
637,236,118,0,CACC,7,100,100,0.05,0.04,0.05,8,500,4.0,0.032,False
638,237,119,0,CACC,7,100,100,0.05,0.04,0.05,8,500,5.0,0.063,False
639,238,119,0,CACC,7,100,100,0.05,0.04,0.05,8,500,5.0,0.032,False
640,239,120,0,CACC,7,100,100,0.05,0.04,0.05,8,500,8.0,0.063,False
641,240,120,0,CACC,7,100,100,0.05,0.04,0.05,8,500,8.0,0.032,False
642,241,121,0,CACC,7,100,100,0.05,0.04,0.05,6,100,3.0,0.063,False
643,242,121,0,CACC,7,100,100,0.05,0.04,0.05,6,100,3.0,0.032,True
644,243,122,0,CACC,7,100,100,0.05,0.04,0.05,6,100,4.0,0.063,False
645,244,122,0,CACC,7,100,100,0.05,0.04,0.05,6,100,4.0,0.032,False
646,245,123,0,CACC,7,100,100,0.05,0.04,0.05,6,100,5.0,0.063,False
647,246,123,0,CACC,7,100,100,0.05,0.04,0.05,6,100,5.0,0.032,False
648,247,124,0,CACC,7,100,100,0.05,0.04,0.05,6,100,8.0,0.063,False
649,248,124,0,CACC,7,100,100,0.05,0.04,0.05,6,100,8.0,0.032,False
650,249,125,0,CACC,7,100,100,0.05,0.04,0.05,6,500,3.0,0.063,False
651,250,125,0,CACC,7,100,100,0.05,0.04,0.05,6,500,3.0,0.032,False
652,251,126,0,CACC,7,100,100,0.05,0.04,0.05,6,500,4.0,0.063,False
653,252,126,0,CACC,7,100,100,0.05,0.04,0.05,6,500,4.0,0.032,False
654,253,127,0,CACC,7,100,100,0.05,0.04,0.05,6,500,5.0,0.063,False
655,254,127,0,CACC,7,100,100,0.05,0.04,0.05,6,500,5.0,0.032,False
656,255,128,0,CACC,7,100,100,0.05,0.04,0.05,6,500,8.0,0.063,False
657,256,128,0,CACC,7,100,100,0.05,0.04,0.05,6,500,8.0,0.032,False
658,257,129,0,CACC,7,100,100,0.05,0.03,0.05,8,100,3.0,0.079,False
659,258,129,0,CACC,7,100,100,0.05,0.03,0.05,8,100,3.0,0.04,False
660,259,130,0,CACC,7,100,100,0.05,0.03,0.05,8,100,4.0,0.079,False
661,260,130,0,CACC,7,100,100,0.05,0.03,0.05,8,100,4.0,0.04,False
662,261,131,0,CACC,7,100,100,0.05,0.03,0.05,8,100,5.0,0.079,False
663,262,131,0,CACC,7,100,100,0.05,0.03,0.05,8,100,5.0,0.04,False
664,263,132,0,CACC,7,100,100,0.05,0.03,0.05,8,100,8.0,0.079,False
665,264,132,0,CACC,7,100,100,0.05,0.03,0.05,8,100,8.0,0.04,False
666,265,133,0,CACC,7,100,100,0.05,0.03,0.05,8,500,3.0,0.079,False
667,266,133,0,CACC,7,100,100,0.05,0.03,0.05,8,500,3.0,0.04,False
668,267,134,0,CACC,7,100,100,0.05,0.03,0.05,8,500,4.0,0.079,False
669,268,134,0,CACC,7,100,100,0.05,0.03,0.05,8,500,4.0,0.04,False
670,269,135,0,CACC,7,100,100,0.05,0.03,0.05,8,500,5.0,0.079,False
671,270,135,0,CACC,7,100,100,0.05,0.03,0.05,8,500,5.0,0.04,False
672,271,136,0,CACC,7,100,100,0.05,0.03,0.05,8,500,8.0,0.079,False
673,272,136,0,CACC,7,100,100,0.05,0.03,0.05,8,500,8.0,0.04,False
674,273,137,0,CACC,7,100,100,0.05,0.03,0.05,6,100,3.0,0.079,False
675,274,137,0,CACC,7,100,100,0.05,0.03,0.05,6,100,3.0,0.04,False
676,275,138,0,CACC,7,100,100,0.05,0.03,0.05,6,100,4.0,0.079,False
677,276,138,0,CACC,7,100,100,0.05,0.03,0.05,6,100,4.0,0.04,False
678,277,139,0,CACC,7,100,100,0.05,0.03,0.05,6,100,5.0,0.079,False
679,278,139,0,CACC,7,100,100,0.05,0.03,0.05,6,100,5.0,0.04,False
680,279,140,0,CACC,7,100,100,0.05,0.03,0.05,6,100,8.0,0.079,False
681,280,140,0,CACC,7,100,100,0.05,0.03,0.05,6,100,8.0,0.04,False
682,281,141,0,CACC,7,100,100,0.05,0.03,0.05,6,500,3.0,0.079,False
683,282,141,0,CACC,7,100,100,0.05,0.03,0.05,6,500,3.0,0.04,False
684,283,142,0,CACC,7,100,100,0.05,0.03,0.05,6,500,4.0,0.079,False
685,284,142,0,CACC,7,100,100,0.05,0.03,0.05,6,500,4.0,0.04,False
686,285,143,0,CACC,7,100,100,0.05,0.03,0.05,6,500,5.0,0.079,False
687,286,143,0,CACC,7,100,100,0.05,0.03,0.05,6,500,5.0,0.04,False
688,287,144,0,CACC,7,100,100,0.05,0.03,0.05,6,500,8.0,0.079,False
689,288,144,0,CACC,7,100,100,0.05,0.03,0.05,6,500,8.0,0.04,False
690,289,145,0,CACC,7,100,100,0.1,0.02,0.1,8,100,3.0,0.094,False
691,290,145,0,CACC,7,100,100,0.1,0.02,0.1,8,100,3.0,0.048,False
692,291,146,0,CACC,7,100,100,0.1,0.02,0.1,8,100,4.0,0.094,False
693,292,146,0,CACC,7,100,100,0.1,0.02,0.1,8,100,4.0,0.048,False
694,293,147,0,CACC,7,100,100,0.1,0.02,0.1,8,100,5.0,0.094,False
695,294,147,0,CACC,7,100,100,0.1,0.02,0.1,8,100,5.0,0.048,False
696,295,148,0,CACC,7,100,100,0.1,0.02,0.1,8,100,8.0,0.094,False
697,296,148,0,CACC,7,100,100,0.1,0.02,0.1,8,100,8.0,0.048,False
698,297,149,0,CACC,7,100,100,0.1,0.02,0.1,8,500,3.0,0.094,False
699,298,149,0,CACC,7,100,100,0.1,0.02,0.1,8,500,3.0,0.048,False
700,299,150,0,CACC,7,100,100,0.1,0.02,0.1,8,500,4.0,0.094,False
701,300,150,0,CACC,7,100,100,0.1,0.02,0.1,8,500,4.0,0.048,False
702,301,151,0,CACC,7,100,100,0.1,0.02,0.1,8,500,5.0,0.094,False
703,302,151,0,CACC,7,100,100,0.1,0.02,0.1,8,500,5.0,0.048,False
704,303,152,0,CACC,7,100,100,0.1,0.02,0.1,8,500,8.0,0.094,False
705,304,152,0,CACC,7,100,100,0.1,0.02,0.1,8,500,8.0,0.048,False
706,305,153,0,CACC,7,100,100,0.1,0.02,0.1,6,100,3.0,0.094,False
707,306,153,0,CACC,7,100,100,0.1,0.02,0.1,6,100,3.0,0.048,False
708,307,154,0,CACC,7,100,100,0.1,0.02,0.1,6,100,4.0,0.094,False
709,308,154,0,CACC,7,100,100,0.1,0.02,0.1,6,100,4.0,0.048,False
710,309,1,0,CACC,7,300,100,0.05,0.02,0.05,8,100,3.0,0.157,False
711,310,1,0,CACC,7,300,100,0.05,0.02,0.05,8,100,3.0,0.079,False
712,311,2,0,CACC,7,300,100,0.05,0.02,0.05,8,100,4.0,0.157,False
713,312,2,0,CACC,7,300,100,0.05,0.02,0.05,8,100,4.0,0.079,False
714,313,3,0,CACC,7,300,100,0.05,0.02,0.05,8,100,5.0,0.157,False
715,314,3,0,CACC,7,300,100,0.05,0.02,0.05,8,100,5.0,0.079,False
716,315,4,0,CACC,7,300,100,0.05,0.02,0.05,8,100,8.0,0.157,False
717,316,4,0,CACC,7,300,100,0.05,0.02,0.05,8,100,8.0,0.079,False
718,317,5,0,CACC,7,300,100,0.05,0.02,0.05,8,500,3.0,0.157,True
719,318,5,0,CACC,7,300,100,0.05,0.02,0.05,8,500,3.0,0.098,False
720,319,6,0,CACC,7,300,100,0.05,0.02,0.05,8,500,4.0,0.157,False
721,320,6,0,CACC,7,300,100,0.05,0.02,0.05,8,500,4.0,0.079,False
722,321,7,0,CACC,7,300,100,0.05,0.02,0.05,8,500,5.0,0.157,False
723,322,7,0,CACC,7,300,100,0.05,0.02,0.05,8,500,5.0,0.079,False
724,323,8,0,CACC,7,300,100,0.05,0.02,0.05,8,500,8.0,0.157,False
725,324,8,0,CACC,7,300,100,0.05,0.02,0.05,8,500,8.0,0.079,False
726,325,9,0,CACC,7,300,100,0.05,0.02,0.05,6,100,3.0,0.157,False
727,326,9,0,CACC,7,300,100,0.05,0.02,0.05,6,100,3.0,0.079,False
728,327,10,0,CACC,7,300,100,0.05,0.02,0.05,6,100,4.0,0.157,False
729,328,10,0,CACC,7,300,100,0.05,0.02,0.05,6,100,4.0,0.079,False
730,329,11,0,CACC,7,300,100,0.05,0.02,0.05,6,100,5.0,0.157,False
731,330,11,0,CACC,7,300,100,0.05,0.02,0.05,6,100,5.0,0.079,False
732,331,12,0,CACC,7,300,100,0.05,0.02,0.05,6,100,8.0,0.157,False
733,332,12,0,CACC,7,300,100,0.05,0.02,0.05,6,100,8.0,0.079,False
734,333,13,0,CACC,7,300,100,0.05,0.02,0.05,6,500,3.0,0.157,True
735,334,13,0,CACC,7,300,100,0.05,0.02,0.05,6,500,3.0,0.098,False
736,335,14,0,CACC,7,300,100,0.05,0.02,0.05,6,500,4.0,0.157,False
737,336,14,0,CACC,7,300,100,0.05,0.02,0.05,6,500,4.0,0.079,False
738,337,15,0,CACC,7,300,100,0.05,0.02,0.05,6,500,5.0,0.157,False
739,338,15,0,CACC,7,300,100,0.05,0.02,0.05,6,500,5.0,0.079,False
740,339,16,0,CACC,7,300,100,0.05,0.02,0.05,6,500,8.0,0.157,False
741,340,16,0,CACC,7,300,100,0.05,0.02,0.05,6,500,8.0,0.079,False
742,341,17,0,CACC,7,300,100,0.05,0.03,0.05,8,100,3.0,0.126,False
743,342,17,0,CACC,7,300,100,0.05,0.03,0.05,8,100,3.0,0.063,False
744,343,18,0,CACC,7,300,100,0.05,0.03,0.05,8,100,4.0,0.126,False
745,344,18,0,CACC,7,300,100,0.05,0.03,0.05,8,100,4.0,0.063,False
746,345,19,0,CACC,7,300,100,0.05,0.03,0.05,8,100,5.0,0.126,False
747,346,19,0,CACC,7,300,100,0.05,0.03,0.05,8,100,5.0,0.063,False
748,347,20,0,CACC,7,300,100,0.05,0.03,0.05,8,100,8.0,0.126,False
749,348,20,0,CACC,7,300,100,0.05,0.03,0.05,8,100,8.0,0.063,False
750,349,21,0,CACC,7,300,100,0.05,0.03,0.05,8,500,3.0,0.126,False
751,350,21,0,CACC,7,300,100,0.05,0.03,0.05,8,500,3.0,0.063,False
752,351,22,0,CACC,7,300,100,0.05,0.03,0.05,8,500,4.0,0.126,False
753,352,22,0,CACC,7,300,100,0.05,0.03,0.05,8,500,4.0,0.063,False
754,353,23,0,CACC,7,300,100,0.05,0.03,0.05,8,500,5.0,0.126,False
755,354,23,0,CACC,7,300,100,0.05,0.03,0.05,8,500,5.0,0.063,False
756,355,24,0,CACC,7,300,100,0.05,0.03,0.05,8,500,8.0,0.126,False
757,356,24,0,CACC,7,300,100,0.05,0.03,0.05,8,500,8.0,0.063,False
758,357,25,0,CACC,7,300,100,0.05,0.03,0.05,6,100,3.0,0.126,False
759,358,25,0,CACC,7,300,100,0.05,0.03,0.05,6,100,3.0,0.063,False
760,359,26,0,CACC,7,300,100,0.05,0.03,0.05,6,100,4.0,0.126,False
761,360,26,0,CACC,7,300,100,0.05,0.03,0.05,6,100,4.0,0.063,False
762,361,27,0,CACC,7,300,100,0.05,0.03,0.05,6,100,5.0,0.126,False
763,362,27,0,CACC,7,300,100,0.05,0.03,0.05,6,100,5.0,0.063,False
764,363,28,0,CACC,7,300,100,0.05,0.03,0.05,6,100,8.0,0.126,False
765,364,28,0,CACC,7,300,100,0.05,0.03,0.05,6,100,8.0,0.063,False
766,365,29,0,CACC,7,300,100,0.05,0.03,0.05,6,500,3.0,0.126,False
767,366,29,0,CACC,7,300,100,0.05,0.03,0.05,6,500,3.0,0.063,False
768,367,30,0,CACC,7,300,100,0.05,0.03,0.05,6,500,4.0,0.126,False
769,368,30,0,CACC,7,300,100,0.05,0.03,0.05,6,500,4.0,0.063,False
770,369,31,0,CACC,7,300,100,0.05,0.03,0.05,6,500,5.0,0.126,False
771,370,31,0,CACC,7,300,100,0.05,0.03,0.05,6,500,5.0,0.063,False
772,371,32,0,CACC,7,300,100,0.05,0.03,0.05,6,500,8.0,0.126,False
773,372,32,0,CACC,7,300,100,0.05,0.03,0.05,6,500,8.0,0.063,False
774,373,33,0,CACC,7,300,100,0.1,0.02,0.1,8,100,3.0,0.157,True
775,374,33,0,CACC,7,300,100,0.1,0.02,0.1,8,100,3.0,0.098,True
776,375,34,0,CACC,7,300,100,0.1,0.02,0.1,8,100,4.0,0.157,False
777,376,34,0,CACC,7,300,100,0.1,0.02,0.1,8,100,4.0,0.079,False
778,377,35,0,CACC,7,300,100,0.1,0.02,0.1,8,100,5.0,0.157,True
779,378,35,0,CACC,7,300,100,0.1,0.02,0.1,8,100,5.0,0.098,True
780,379,36,0,CACC,7,300,100,0.1,0.02,0.1,8,100,8.0,0.157,False
781,380,36,0,CACC,7,300,100,0.1,0.02,0.1,8,100,8.0,0.079,False
782,381,37,0,CACC,7,300,100,0.1,0.02,0.1,8,500,3.0,0.157,False
783,382,37,0,CACC,7,300,100,0.1,0.02,0.1,8,500,3.0,0.079,False
784,383,38,0,CACC,7,300,100,0.1,0.02,0.1,8,500,4.0,0.157,False
785,384,38,0,CACC,7,300,100,0.1,0.02,0.1,8,500,4.0,0.079,False
786,385,39,0,CACC,7,300,100,0.1,0.02,0.1,8,500,5.0,0.157,False
787,386,39,0,CACC,7,300,100,0.1,0.02,0.1,8,500,5.0,0.079,False
788,387,40,0,CACC,7,300,100,0.1,0.02,0.1,8,500,8.0,0.157,False
789,388,40,0,CACC,7,300,100,0.1,0.02,0.1,8,500,8.0,0.079,False
790,389,41,0,CACC,7,300,100,0.1,0.02,0.1,6,100,3.0,0.157,True
791,390,41,0,CACC,7,300,100,0.1,0.02,0.1,6,100,3.0,0.098,True
792,391,42,0,CACC,7,300,100,0.1,0.02,0.1,6,100,4.0,0.157,False
793,392,42,0,CACC,7,300,100,0.1,0.02,0.1,6,100,4.0,0.079,False
794,393,43,0,CACC,7,300,100,0.1,0.02,0.1,6,100,5.0,0.157,False
795,394,43,0,CACC,7,300,100,0.1,0.02,0.1,6,100,5.0,0.079,True
796,395,44,0,CACC,7,300,100,0.1,0.02,0.1,6,100,8.0,0.157,False
797,396,44,0,CACC,7,300,100,0.1,0.02,0.1,6,100,8.0,0.079,False
798,397,45,0,CACC,7,300,100,0.1,0.02,0.1,6,500,3.0,0.157,False
799,398,45,0,CACC,7,300,100,0.1,0.02,0.1,6,500,3.0,0.079,False
800,399,46,0,CACC,7,300,100,0.1,0.02,0.1,6,500,4.0,0.157,False
801,400,46,0,CACC,7,300,100,0.1,0.02,0.1,6,500,4.0,0.079,False
802,401,47,0,CACC,7,300,100,0.1,0.02,0.1,6,500,5.0,0.157,False
803,402,1,0,CACC,7,300,100,0.1,0.03,0.1,8,500,3.0,0.126,False
804,403,1,0,CACC,7,300,100,0.1,0.03,0.1,8,500,3.0,0.063,False
805,404,2,0,CACC,7,300,100,0.1,0.03,0.1,8,500,4.0,0.126,True
806,405,2,0,CACC,7,300,100,0.1,0.03,0.1,8,500,4.0,0.078,True
807,406,3,0,CACC,7,300,100,0.1,0.03,0.1,8,500,5.0,0.126,False
808,407,3,0,CACC,7,300,100,0.1,0.03,0.1,8,500,5.0,0.063,False
809,408,4,0,CACC,7,300,100,0.1,0.03,0.1,6,500,3.0,0.126,False
810,409,4,0,CACC,7,300,100,0.1,0.03,0.1,6,500,3.0,0.063,False
811,410,5,0,CACC,7,300,100,0.1,0.03,0.1,6,500,4.0,0.126,True
812,411,5,0,CACC,7,300,100,0.1,0.03,0.1,6,500,4.0,0.078,True
813,412,6,0,CACC,7,300,100,0.1,0.03,0.1,6,500,5.0,0.126,False
814,413,6,0,CACC,7,300,100,0.1,0.03,0.1,6,500,5.0,0.063,False
815,414,1,0,CACC,7,400,100,0.1,0.02,0.1,8,300,3.0,0.157,True
816,415,1,0,CACC,7,400,100,0.1,0.02,0.1,8,300,3.0,0.098,False
817,416,2,0,CACC,7,400,100,0.1,0.02,0.1,8,300,4.0,0.157,False
818,417,2,0,CACC,7,400,100,0.1,0.02,0.1,8,300,4.0,0.079,True
819,418,3,0,CACC,7,400,100,0.1,0.02,0.1,8,300,5.0,0.157,False
820,419,3,0,CACC,7,400,100,0.1,0.02,0.1,8,300,5.0,0.079,False
821,420,4,0,CACC,7,400,100,0.1,0.02,0.1,8,500,3.0,0.157,True
822,421,4,0,CACC,7,400,100,0.1,0.02,0.1,8,500,3.0,0.098,False
823,422,5,0,CACC,7,400,100,0.1,0.02,0.1,8,500,4.0,0.157,False
824,423,5,0,CACC,7,400,100,0.1,0.02,0.1,8,500,4.0,0.079,False
825,424,6,0,CACC,7,400,100,0.1,0.02,0.1,8,500,5.0,0.157,False
826,425,6,0,CACC,7,400,100,0.1,0.02,0.1,8,500,5.0,0.079,False
827,426,7,0,CACC,7,400,100,0.1,0.03,0.1,8,300,3.0,0.126,False
828,427,7,0,CACC,7,400,100,0.1,0.03,0.1,8,300,3.0,0.063,False
829,428,8,0,CACC,7,400,100,0.1,0.03,0.1,8,300,4.0,0.126,False
830,429,8,0,CACC,7,400,100,0.1,0.03,0.1,8,300,4.0,0.063,False
831,430,9,0,CACC,7,400,100,0.1,0.03,0.1,8,300,5.0,0.126,True
832,431,9,0,CACC,7,400,100,0.1,0.03,0.1,8,300,5.0,0.078,False
833,432,10,0,CACC,7,400,100,0.1,0.03,0.1,8,500,3.0,0.126,False
834,433,10,0,CACC,7,400,100,0.1,0.03,0.1,8,500,3.0,0.063,False
835,434,11,0,CACC,7,400,100,0.1,0.03,0.1,8,500,4.0,0.126,False
836,435,11,0,CACC,7,400,100,0.1,0.03,0.1,8,500,4.0,0.063,False
837,436,12,0,CACC,7,400,100,0.1,0.03,0.1,8,500,5.0,0.126,False
838,437,12,0,CACC,7,400,100,0.1,0.03,0.1,8,500,5.0,0.063,False
839,438,1,0,CACC,10,500,100,0.1,0.02,0.1,8,500,3.0,0.157,False
840,439,1,0,CACC,10,500,100,0.1,0.02,0.1,8,500,3.0,0.079,True
841,440,2,0,CACC,10,500,100,0.1,0.02,0.1,8,500,4.0,0.157,True
842,441,2,0,CACC,10,500,100,0.1,0.02,0.1,8,500,4.0,0.098,True
843,442,3,0,CACC,10,500,100,0.1,0.02,0.1,8,500,5.0,0.157,False
844,443,3,0,CACC,10,500,100,0.1,0.02,0.1,8,500,5.0,0.079,False
845,444,4,0,CACC,10,500,100,0.1,0.03,0.1,8,500,3.0,0.157,False
846,445,4,0,CACC,10,500,100,0.1,0.03,0.1,8,500,3.0,0.079,False
847,446,5,0,CACC,10,500,100,0.1,0.03,0.1,8,500,4.0,0.157,False
848,447,5,0,CACC,10,500,100,0.1,0.03,0.1,8,500,4.0,0.079,False
849,448,6,0,CACC,10,500,100,0.1,0.03,0.1,8,500,5.0,0.157,False
850,449,6,0,CACC,10,500,100,0.1,0.03,0.1,8,500,5.0,0.079,False
851,450,7,0,CACC,10,400,100,0.1,0.02,0.1,8,500,3.0,0.157,True
852,451,7,0,CACC,10,400,100,0.1,0.02,0.1,8,500,3.0,0.098,False
853,452,8,0,CACC,10,400,100,0.1,0.02,0.1,8,500,4.0,0.157,False
854,453,8,0,CACC,10,400,100,0.1,0.02,0.1,8,500,4.0,0.079,False
855,454,9,0,CACC,10,400,100,0.1,0.02,0.1,8,500,5.0,0.157,False
856,455,9,0,CACC,10,400,100,0.1,0.02,0.1,8,500,5.0,0.079,False
857,456,10,0,CACC,10,400,100,0.1,0.03,0.1,8,500,3.0,0.126,False
858,457,10,0,CACC,10,400,100,0.1,0.03,0.1,8,500,3.0,0.063,False
859,458,11,0,CACC,10,400,100,0.1,0.03,0.1,8,500,4.0,0.126,False
860,459,11,0,CACC,10,400,100,0.1,0.03,0.1,8,500,4.0,0.063,False
861,460,12,0,CACC,10,400,100,0.1,0.03,0.1,8,500,5.0,0.126,False
862,461,12,0,CACC,10,400,100,0.1,0.03,0.1,8,500,5.0,0.063,False
863,462,13,0,CACC,10,300,100,0.1,0.02,0.1,8,500,3.0,0.157,True
864,463,13,0,CACC,10,300,100,0.1,0.02,0.1,8,500,3.0,0.098,False
865,464,14,0,CACC,10,300,100,0.1,0.02,0.1,8,500,4.0,0.157,True
866,465,14,0,CACC,10,300,100,0.1,0.02,0.1,8,500,4.0,0.098,True
867,466,15,0,CACC,10,300,100,0.1,0.02,0.1,8,500,5.0,0.157,False
868,467,15,0,CACC,10,300,100,0.1,0.02,0.1,8,500,5.0,0.079,False
869,468,16,0,CACC,10,300,100,0.1,0.03,0.1,8,500,3.0,0.126,False
870,469,16,0,CACC,10,300,100,0.1,0.03,0.1,8,500,3.0,0.063,False
871,470,17,0,CACC,10,300,100,0.1,0.03,0.1,8,500,4.0,0.126,False
872,471,17,0,CACC,10,300,100,0.1,0.03,0.1,8,500,4.0,0.063,True
873,472,18,0,CACC,10,300,100,0.1,0.03,0.1,8,500,5.0,0.126,False
874,473,18,0,CACC,10,300,100,0.1,0.03,0.1,8,500,5.0,0.063,False
875,474,1,0,CACC,12,500,80,0.1,0.01,0.1,8,500,2.0,0.157,True
876,475,1,0,CACC,12,500,80,0.1,0.01,0.1,8,500,2.0,0.094,True
877,476,2,0,CACC,12,500,80,0.1,0.01,0.1,8,500,3.0,0.157,True
878,477,2,0,CACC,12,500,80,0.1,0.01,0.1,8,500,3.0,0.094,True
879,478,3,0,CACC,12,500,80,0.1,0.01,0.1,8,500,4.0,0.157,True
880,479,3,0,CACC,12,500,80,0.1,0.01,0.1,8,500,4.0,0.094,True
881,480,4,0,CACC,12,500,80,0.1,0.01,0.1,8,500,5.0,0.157,True
882,481,4,0,CACC,12,500,80,0.1,0.01,0.1,8,500,5.0,0.094,False
883,482,5,0,CACC,12,500,80,0.1,0.02,0.1,8,500,2.0,0.157,True
884,483,5,0,CACC,12,500,80,0.1,0.02,0.1,8,500,2.0,0.094,True
885,484,6,0,CACC,12,500,80,0.1,0.02,0.1,8,500,3.0,0.157,False
886,485,6,0,CACC,12,500,80,0.1,0.02,0.1,8,500,3.0,0.079,True
887,486,7,0,CACC,12,500,80,0.1,0.02,0.1,8,500,4.0,0.157,False
888,487,7,0,CACC,12,500,80,0.1,0.02,0.1,8,500,4.0,0.079,False
889,488,8,0,CACC,12,500,80,0.1,0.02,0.1,8,500,5.0,0.157,True
890,489,8,0,CACC,12,500,80,0.1,0.02,0.1,8,500,5.0,0.094,True
891,490,9,0,CACC,12,500,120,0.1,0.01,0.1,8,500,2.0,0.157,False
892,491,9,0,CACC,12,500,120,0.1,0.01,0.1,8,500,2.0,0.079,False
893,492,10,0,CACC,12,500,120,0.1,0.01,0.1,8,500,3.0,0.157,False
894,493,10,0,CACC,12,500,120,0.1,0.01,0.1,8,500,3.0,0.079,False
895,494,11,0,CACC,12,500,120,0.1,0.01,0.1,8,500,4.0,0.157,False
896,495,11,0,CACC,12,500,120,0.1,0.01,0.1,8,500,4.0,0.079,False
897,496,12,0,CACC,12,500,120,0.1,0.01,0.1,8,500,5.0,0.157,False
898,497,12,0,CACC,12,500,120,0.1,0.01,0.1,8,500,5.0,0.079,False
899,498,13,0,CACC,12,500,120,0.1,0.02,0.1,8,500,2.0,0.157,False
900,499,13,0,CACC,12,500,120,0.1,0.02,0.1,8,500,2.0,0.079,False
901,500,14,0,CACC,12,500,120,0.1,0.02,0.1,8,500,3.0,0.157,False
902,501,14,0,CACC,12,500,120,0.1,0.02,0.1,8,500,3.0,0.079,False
903,502,15,0,CACC,12,500,120,0.1,0.02,0.1,8,500,4.0,0.157,False
904,503,15,0,CACC,12,500,120,0.1,0.02,0.1,8,500,4.0,0.079,False
905,504,16,0,CACC,12,500,120,0.1,0.02,0.1,8,500,5.0,0.157,False
906,505,16,0,CACC,12,500,120,0.1,0.02,0.1,8,500,5.0,0.079,False
907,506,17,0,CACC,12,400,80,0.1,0.01,0.1,8,500,2.0,0.157,True
908,507,17,0,CACC,12,400,80,0.1,0.01,0.1,8,500,2.0,0.094,True
909,508,18,0,CACC,12,400,80,0.1,0.01,0.1,8,500,3.0,0.157,True
910,509,18,0,CACC,12,400,80,0.1,0.01,0.1,8,500,3.0,0.094,True
911,510,19,0,CACC,12,400,80,0.1,0.01,0.1,8,500,4.0,0.157,True
912,511,19,0,CACC,12,400,80,0.1,0.01,0.1,8,500,4.0,0.094,True
913,512,20,0,CACC,12,400,80,0.1,0.01,0.1,8,500,5.0,0.157,False
914,513,20,0,CACC,12,400,80,0.1,0.01,0.1,8,500,5.0,0.079,False
915,514,21,0,CACC,12,400,80,0.1,0.02,0.1,8,500,2.0,0.157,False
916,515,21,0,CACC,12,400,80,0.1,0.02,0.1,8,500,2.0,0.079,False
917,516,22,0,CACC,12,400,80,0.1,0.02,0.1,8,500,3.0,0.157,False
918,517,22,0,CACC,12,400,80,0.1,0.02,0.1,8,500,3.0,0.079,False
919,518,23,0,CACC,12,400,80,0.1,0.02,0.1,8,500,4.0,0.157,True
920,519,23,0,CACC,12,400,80,0.1,0.02,0.1,8,500,4.0,0.094,False
921,520,24,0,CACC,12,400,80,0.1,0.02,0.1,8,500,5.0,0.157,True
922,521,24,0,CACC,12,400,80,0.1,0.02,0.1,8,500,5.0,0.094,True
923,522,25,0,CACC,12,400,120,0.1,0.01,0.1,8,500,2.0,0.157,False
924,523,25,0,CACC,12,400,120,0.1,0.01,0.1,8,500,2.0,0.079,False
925,524,26,0,CACC,12,400,120,0.1,0.01,0.1,8,500,3.0,0.157,False
926,525,26,0,CACC,12,400,120,0.1,0.01,0.1,8,500,3.0,0.079,False
927,526,27,0,CACC,12,400,120,0.1,0.01,0.1,8,500,4.0,0.157,False
928,527,27,0,CACC,12,400,120,0.1,0.01,0.1,8,500,4.0,0.079,False
929,528,28,0,CACC,12,400,120,0.1,0.01,0.1,8,500,5.0,0.157,False
930,529,28,0,CACC,12,400,120,0.1,0.01,0.1,8,500,5.0,0.079,False
931,530,29,0,CACC,12,400,120,0.1,0.02,0.1,8,500,2.0,0.157,False
932,531,29,0,CACC,12,400,120,0.1,0.02,0.1,8,500,2.0,0.079,False
933,532,30,0,CACC,12,400,120,0.1,0.02,0.1,8,500,3.0,0.157,False
934,533,30,0,CACC,12,400,120,0.1,0.02,0.1,8,500,3.0,0.079,False
935,534,31,0,CACC,12,400,120,0.1,0.02,0.1,8,500,4.0,0.157,False
936,535,31,0,CACC,12,400,120,0.1,0.02,0.1,8,500,4.0,0.079,False
937,536,32,0,CACC,12,400,120,0.1,0.02,0.1,8,500,5.0,0.157,False
938,537,32,0,CACC,12,400,120,0.1,0.02,0.1,8,500,5.0,0.079,False
939,538,33,0,CACC,12,300,80,0.1,0.01,0.1,8,500,2.0,0.157,True
940,539,33,0,CACC,12,300,80,0.1,0.01,0.1,8,500,2.0,0.094,True
941,540,34,0,CACC,12,300,80,0.1,0.01,0.1,8,500,3.0,0.157,True
942,541,34,0,CACC,12,300,80,0.1,0.01,0.1,8,500,3.0,0.094,True
943,542,35,0,CACC,12,300,80,0.1,0.01,0.1,8,500,4.0,0.157,True
944,543,35,0,CACC,12,300,80,0.1,0.01,0.1,8,500,4.0,0.094,False
945,544,36,0,CACC,12,300,80,0.1,0.01,0.1,8,500,5.0,0.157,True
946,545,36,0,CACC,12,300,80,0.1,0.01,0.1,8,500,5.0,0.094,True
947,546,37,0,CACC,12,300,80,0.1,0.02,0.1,8,500,2.0,0.157,True
948,547,37,0,CACC,12,300,80,0.1,0.02,0.1,8,500,2.0,0.094,True
949,548,38,0,CACC,12,300,80,0.1,0.02,0.1,8,500,3.0,0.157,True
950,549,38,0,CACC,12,300,80,0.1,0.02,0.1,8,500,3.0,0.094,True
951,550,39,0,CACC,12,300,80,0.1,0.02,0.1,8,500,4.0,0.157,False
952,551,39,0,CACC,12,300,80,0.1,0.02,0.1,8,500,4.0,0.079,False
953,552,40,0,CACC,12,300,80,0.1,0.02,0.1,8,500,5.0,0.157,False
954,553,40,0,CACC,12,300,80,0.1,0.02,0.1,8,500,5.0,0.079,False
955,554,41,0,CACC,12,300,120,0.1,0.01,0.1,8,500,2.0,0.157,False
956,555,41,0,CACC,12,300,120,0.1,0.01,0.1,8,500,2.0,0.079,False
957,556,42,0,CACC,12,300,120,0.1,0.01,0.1,8,500,3.0,0.157,False
958,557,42,0,CACC,12,300,120,0.1,0.01,0.1,8,500,3.0,0.079,False
959,558,43,0,CACC,12,300,120,0.1,0.01,0.1,8,500,4.0,0.157,False
960,559,43,0,CACC,12,300,120,0.1,0.01,0.1,8,500,4.0,0.079,False
961,560,44,0,CACC,12,300,120,0.1,0.01,0.1,8,500,5.0,0.157,False
962,561,44,0,CACC,12,300,120,0.1,0.01,0.1,8,500,5.0,0.079,False
963,562,45,0,CACC,12,300,120,0.1,0.02,0.1,8,500,2.0,0.157,False
964,563,45,0,CACC,12,300,120,0.1,0.02,0.1,8,500,2.0,0.079,False
965,564,46,0,CACC,12,300,120,0.1,0.02,0.1,8,500,3.0,0.157,False
966,565,46,0,CACC,12,300,120,0.1,0.02,0.1,8,500,3.0,0.079,False
967,566,47,0,CACC,12,300,120,0.1,0.02,0.1,8,500,4.0,0.157,False
968,567,47,0,CACC,12,300,120,0.1,0.02,0.1,8,500,4.0,0.079,False
969,568,48,0,CACC,12,300,120,0.1,0.02,0.1,8,500,5.0,0.157,False
970,569,48,0,CACC,12,300,120,0.1,0.02,0.1,8,500,5.0,0.079,False
971,570,49,0,CACC,10,500,80,0.1,0.01,0.1,8,500,2.0,0.157,False
972,571,49,0,CACC,10,500,80,0.1,0.01,0.1,8,500,2.0,0.079,True
973,572,50,0,CACC,10,500,80,0.1,0.01,0.1,8,500,3.0,0.157,True
974,573,50,0,CACC,10,500,80,0.1,0.01,0.1,8,500,3.0,0.094,False
975,574,51,0,CACC,10,500,80,0.1,0.01,0.1,8,500,4.0,0.157,True
976,575,51,0,CACC,10,500,80,0.1,0.01,0.1,8,500,4.0,0.094,True
977,576,52,0,CACC,10,500,80,0.1,0.01,0.1,8,500,5.0,0.157,True
978,577,52,0,CACC,10,500,80,0.1,0.01,0.1,8,500,5.0,0.094,True
979,578,53,0,CACC,10,500,80,0.1,0.02,0.1,8,500,2.0,0.157,False
980,579,53,0,CACC,10,500,80,0.1,0.02,0.1,8,500,2.0,0.079,True
981,580,54,0,CACC,10,500,80,0.1,0.02,0.1,8,500,3.0,0.157,False
982,581,54,0,CACC,10,500,80,0.1,0.02,0.1,8,500,3.0,0.079,False
983,582,55,0,CACC,10,500,80,0.1,0.02,0.1,8,500,4.0,0.157,False
984,583,55,0,CACC,10,500,80,0.1,0.02,0.1,8,500,4.0,0.079,False
985,584,56,0,CACC,10,500,80,0.1,0.02,0.1,8,500,5.0,0.157,False
986,585,56,0,CACC,10,500,80,0.1,0.02,0.1,8,500,5.0,0.079,False
987,586,57,0,CACC,10,500,120,0.1,0.01,0.1,8,500,2.0,0.157,False
988,587,57,0,CACC,10,500,120,0.1,0.01,0.1,8,500,2.0,0.079,False
989,588,58,0,CACC,10,500,120,0.1,0.01,0.1,8,500,3.0,0.157,False
990,589,58,0,CACC,10,500,120,0.1,0.01,0.1,8,500,3.0,0.079,False
991,590,59,0,CACC,10,500,120,0.1,0.01,0.1,8,500,4.0,0.157,False
992,591,59,0,CACC,10,500,120,0.1,0.01,0.1,8,500,4.0,0.079,False
993,592,60,0,CACC,10,500,120,0.1,0.01,0.1,8,500,5.0,0.157,False
994,593,60,0,CACC,10,500,120,0.1,0.01,0.1,8,500,5.0,0.079,False
995,594,61,0,CACC,10,500,120,0.1,0.02,0.1,8,500,2.0,0.157,False
996,595,61,0,CACC,10,500,120,0.1,0.02,0.1,8,500,2.0,0.079,False
997,596,62,0,CACC,10,500,120,0.1,0.02,0.1,8,500,3.0,0.157,False
998,597,62,0,CACC,10,500,120,0.1,0.02,0.1,8,500,3.0,0.079,False
999,598,63,0,CACC,10,500,120,0.1,0.02,0.1,8,500,4.0,0.157,False
1000,599,63,0,CACC,10,500,120,0.1,0.02,0.1,8,500,4.0,0.079,False
1001,600,64,0,CACC,10,500,120,0.1,0.02,0.1,8,500,5.0,0.157,False
1002,601,64,0,CACC,10,500,120,0.1,0.02,0.1,8,500,5.0,0.079,False
1003,602,65,0,CACC,10,400,80,0.1,0.01,0.1,8,500,2.0,0.157,True
1004,603,65,0,CACC,10,400,80,0.1,0.01,0.1,8,500,2.0,0.094,True
1005,604,66,0,CACC,10,400,80,0.1,0.01,0.1,8,500,3.0,0.157,False
1006,605,66,0,CACC,10,400,80,0.1,0.01,0.1,8,500,3.0,0.079,True
1007,606,67,0,CACC,10,400,80,0.1,0.01,0.1,8,500,4.0,0.157,False
1008,607,67,0,CACC,10,400,80,0.1,0.01,0.1,8,500,4.0,0.079,False
1009,608,68,0,CACC,10,400,80,0.1,0.01,0.1,8,500,5.0,0.157,True
1010,609,68,0,CACC,10,400,80,0.1,0.01,0.1,8,500,5.0,0.094,True
1011,610,69,0,CACC,10,400,80,0.1,0.02,0.1,8,500,2.0,0.157,False
1012,611,69,0,CACC,10,400,80,0.1,0.02,0.1,8,500,2.0,0.079,False
1013,612,70,0,CACC,10,400,80,0.1,0.02,0.1,8,500,3.0,0.157,False
1014,613,70,0,CACC,10,400,80,0.1,0.02,0.1,8,500,3.0,0.079,False
1015,614,71,0,CACC,10,400,80,0.1,0.02,0.1,8,500,4.0,0.157,False
1016,615,71,0,CACC,10,400,80,0.1,0.02,0.1,8,500,4.0,0.079,False
1017,616,72,0,CACC,10,400,80,0.1,0.02,0.1,8,500,5.0,0.157,True
1018,617,72,0,CACC,10,400,80,0.1,0.02,0.1,8,500,5.0,0.094,False
1019,618,73,0,CACC,10,400,120,0.1,0.01,0.1,8,500,2.0,0.157,False
1020,619,73,0,CACC,10,400,120,0.1,0.01,0.1,8,500,2.0,0.079,False
1021,620,74,0,CACC,10,400,120,0.1,0.01,0.1,8,500,3.0,0.157,False
1022,621,74,0,CACC,10,400,120,0.1,0.01,0.1,8,500,3.0,0.079,False
1023,622,75,0,CACC,10,400,120,0.1,0.01,0.1,8,500,4.0,0.157,False
1024,623,75,0,CACC,10,400,120,0.1,0.01,0.1,8,500,4.0,0.079,False
1025,624,76,0,CACC,10,400,120,0.1,0.01,0.1,8,500,5.0,0.157,False
1026,625,76,0,CACC,10,400,120,0.1,0.01,0.1,8,500,5.0,0.079,False
1027,626,77,0,CACC,10,400,120,0.1,0.02,0.1,8,500,2.0,0.157,False
1028,627,77,0,CACC,10,400,120,0.1,0.02,0.1,8,500,2.0,0.079,False
1029,628,78,0,CACC,10,400,120,0.1,0.02,0.1,8,500,3.0,0.157,False
1030,629,78,0,CACC,10,400,120,0.1,0.02,0.1,8,500,3.0,0.079,False
1031,630,79,0,CACC,10,400,120,0.1,0.02,0.1,8,500,4.0,0.157,False
1032,631,79,0,CACC,10,400,120,0.1,0.02,0.1,8,500,4.0,0.079,False
1033,632,80,0,CACC,10,400,120,0.1,0.02,0.1,8,500,5.0,0.157,False
1034,633,80,0,CACC,10,400,120,0.1,0.02,0.1,8,500,5.0,0.079,False
1035,634,81,0,CACC,10,300,80,0.1,0.01,0.1,8,500,2.0,0.157,True
1036,635,81,0,CACC,10,300,80,0.1,0.01,0.1,8,500,2.0,0.094,True
1037,636,82,0,CACC,10,300,80,0.1,0.01,0.1,8,500,3.0,0.157,True
1038,637,82,0,CACC,10,300,80,0.1,0.01,0.1,8,500,3.0,0.094,True
1039,638,83,0,CACC,10,300,80,0.1,0.01,0.1,8,500,4.0,0.157,False
1040,639,83,0,CACC,10,300,80,0.1,0.01,0.1,8,500,4.0,0.079,False
1041,640,84,0,CACC,10,300,80,0.1,0.01,0.1,8,500,5.0,0.157,False
1042,641,84,0,CACC,10,300,80,0.1,0.01,0.1,8,500,5.0,0.079,True
1043,642,85,0,CACC,10,300,80,0.1,0.02,0.1,8,500,2.0,0.157,False
1044,643,85,0,CACC,10,300,80,0.1,0.02,0.1,8,500,2.0,0.079,False
1045,644,86,0,CACC,10,300,80,0.1,0.02,0.1,8,500,3.0,0.157,True
1046,645,86,0,CACC,10,300,80,0.1,0.02,0.1,8,500,3.0,0.094,False
1047,646,87,0,CACC,10,300,80,0.1,0.02,0.1,8,500,4.0,0.157,False
1048,647,87,0,CACC,10,300,80,0.1,0.02,0.1,8,500,4.0,0.079,True
1049,648,88,0,CACC,10,300,80,0.1,0.02,0.1,8,500,5.0,0.157,False
1050,649,88,0,CACC,10,300,80,0.1,0.02,0.1,8,500,5.0,0.079,False
1051,650,89,0,CACC,10,300,120,0.1,0.01,0.1,8,500,2.0,0.157,False
1052,651,89,0,CACC,10,300,120,0.1,0.01,0.1,8,500,2.0,0.079,False
1053,652,90,0,CACC,10,300,120,0.1,0.01,0.1,8,500,3.0,0.157,False
1054,653,90,0,CACC,10,300,120,0.1,0.01,0.1,8,500,3.0,0.079,False
1055,654,91,0,CACC,10,300,120,0.1,0.01,0.1,8,500,4.0,0.157,False
1056,655,91,0,CACC,10,300,120,0.1,0.01,0.1,8,500,4.0,0.079,False
1057,656,92,0,CACC,10,300,120,0.1,0.01,0.1,8,500,5.0,0.157,False
1058,657,92,0,CACC,10,300,120,0.1,0.01,0.1,8,500,5.0,0.079,False
1059,658,93,0,CACC,10,300,120,0.1,0.02,0.1,8,500,2.0,0.157,False
1060,659,93,0,CACC,10,300,120,0.1,0.02,0.1,8,500,2.0,0.079,False
1061,660,94,0,CACC,10,300,120,0.1,0.02,0.1,8,500,3.0,0.157,False
1062,661,94,0,CACC,10,300,120,0.1,0.02,0.1,8,500,3.0,0.079,False
1063,662,95,0,CACC,10,300,120,0.1,0.02,0.1,8,500,4.0,0.157,False
1064,663,95,0,CACC,10,300,120,0.1,0.02,0.1,8,500,4.0,0.079,False
1065,664,96,0,CACC,10,300,120,0.1,0.02,0.1,8,500,5.0,0.157,False
1066,665,96,0,CACC,10,300,120,0.1,0.02,0.1,8,500,5.0,0.079,False
1067,1,1,0,CACC,7,10,100,0.05,0.02,0.05,8,100,3.0,0.007,False
1068,1,1,0,CACC,7,10,100,0.05,0.02,0.05,8,100,3.0,0.007,False
1069,1,1,0,CACC,7,10,100,0.05,0.02,0.05,8,100,3.0,0.007,False
1070,2,1,0,CACC,7,10,100,0.05,0.02,0.05,8,100,3.0,0.004,False
1071,3,2,0,CACC,7,10,100,0.05,0.02,0.05,8,100,4.0,0.007,False
1072,4,2,0,CACC,7,10,100,0.05,0.02,0.05,8,100,4.0,0.004,False
1073,5,3,0,CACC,7,10,100,0.05,0.02,0.05,8,100,5.0,0.007,False
1074,6,3,0,CACC,7,10,100,0.05,0.02,0.05,8,100,5.0,0.004,False
1075,7,4,0,CACC,7,10,100,0.05,0.02,0.05,8,100,8.0,0.007,False
1076,8,4,0,CACC,7,10,100,0.05,0.02,0.05,8,100,8.0,0.004,False
1077,9,5,0,CACC,7,10,100,0.05,0.02,0.05,8,500,3.0,0.007,False
1078,10,5,0,CACC,7,10,100,0.05,0.02,0.05,8,500,3.0,0.004,False
1079,11,6,0,CACC,7,10,100,0.05,0.02,0.05,8,500,4.0,0.007,False
1080,12,6,0,CACC,7,10,100,0.05,0.02,0.05,8,500,4.0,0.004,False
1081,13,7,0,CACC,7,10,100,0.05,0.02,0.05,8,500,5.0,0.007,False
1082,14,7,0,CACC,7,10,100,0.05,0.02,0.05,8,500,5.0,0.004,False
1083,15,8,0,CACC,7,10,100,0.05,0.02,0.05,8,500,8.0,0.007,False
1084,16,8,0,CACC,7,10,100,0.05,0.02,0.05,8,500,8.0,0.004,False
1085,17,9,0,CACC,7,10,100,0.05,0.02,0.05,6,100,3.0,0.007,False
1086,18,9,0,CACC,7,10,100,0.05,0.02,0.05,6,100,3.0,0.004,False
1087,19,10,0,CACC,7,10,100,0.05,0.02,0.05,6,100,4.0,0.007,False
1088,20,10,0,CACC,7,10,100,0.05,0.02,0.05,6,100,4.0,0.004,False
1089,21,11,0,CACC,7,10,100,0.05,0.02,0.05,6,100,5.0,0.007,False
1090,22,11,0,CACC,7,10,100,0.05,0.02,0.05,6,100,5.0,0.004,False
1091,23,12,0,CACC,7,10,100,0.05,0.02,0.05,6,100,8.0,0.007,False
1092,24,12,0,CACC,7,10,100,0.05,0.02,0.05,6,100,8.0,0.004,False
1093,25,13,0,CACC,7,10,100,0.05,0.02,0.05,6,500,3.0,0.007,False
1094,26,13,0,CACC,7,10,100,0.05,0.02,0.05,6,500,3.0,0.004,False
1095,27,14,0,CACC,7,10,100,0.05,0.02,0.05,6,500,4.0,0.007,False
1096,28,14,0,CACC,7,10,100,0.05,0.02,0.05,6,500,4.0,0.004,False
1097,29,15,0,CACC,7,10,100,0.05,0.02,0.05,6,500,5.0,0.007,False
1098,30,15,0,CACC,7,10,100,0.05,0.02,0.05,6,500,5.0,0.004,False
1099,31,16,0,CACC,7,10,100,0.05,0.02,0.05,6,500,8.0,0.007,False
1100,32,16,0,CACC,7,10,100,0.05,0.02,0.05,6,500,8.0,0.004,False
1101,33,17,0,CACC,7,10,100,0.05,0.04,0.05,8,100,3.0,0.004,False
1102,34,17,0,CACC,7,10,100,0.05,0.04,0.05,8,100,3.0,0.002,False
1103,35,18,0,CACC,7,10,100,0.05,0.04,0.05,8,100,4.0,0.004,False
1104,36,18,0,CACC,7,10,100,0.05,0.04,0.05,8,100,4.0,0.002,False
1105,37,19,0,CACC,7,10,100,0.05,0.04,0.05,8,100,5.0,0.004,False
1106,38,19,0,CACC,7,10,100,0.05,0.04,0.05,8,100,5.0,0.002,False
1107,39,20,0,CACC,7,10,100,0.05,0.04,0.05,8,100,8.0,0.004,False
1108,40,20,0,CACC,7,10,100,0.05,0.04,0.05,8,100,8.0,0.002,False
1109,41,21,0,CACC,7,10,100,0.05,0.04,0.05,8,500,3.0,0.004,False
1110,42,21,0,CACC,7,10,100,0.05,0.04,0.05,8,500,3.0,0.002,False
1111,43,22,0,CACC,7,10,100,0.05,0.04,0.05,8,500,4.0,0.004,False
1112,44,22,0,CACC,7,10,100,0.05,0.04,0.05,8,500,4.0,0.002,False
1113,45,23,0,CACC,7,10,100,0.05,0.04,0.05,8,500,5.0,0.004,False
1114,46,23,0,CACC,7,10,100,0.05,0.04,0.05,8,500,5.0,0.002,False
1115,47,24,0,CACC,7,10,100,0.05,0.04,0.05,8,500,8.0,0.004,False
1116,48,24,0,CACC,7,10,100,0.05,0.04,0.05,8,500,8.0,0.002,False
1117,49,25,0,CACC,7,10,100,0.05,0.04,0.05,6,100,3.0,0.004,False
1118,50,25,0,CACC,7,10,100,0.05,0.04,0.05,6,100,3.0,0.002,False
1119,51,26,0,CACC,7,10,100,0.05,0.04,0.05,6,100,4.0,0.004,False
1120,52,26,0,CACC,7,10,100,0.05,0.04,0.05,6,100,4.0,0.002,False
1121,53,27,0,CACC,7,10,100,0.05,0.04,0.05,6,100,5.0,0.004,False
1122,54,27,0,CACC,7,10,100,0.05,0.04,0.05,6,100,5.0,0.002,False
1123,55,28,0,CACC,7,10,100,0.05,0.04,0.05,6,100,8.0,0.004,False
1124,56,28,0,CACC,7,10,100,0.05,0.04,0.05,6,100,8.0,0.002,False
1125,57,29,0,CACC,7,10,100,0.05,0.04,0.05,6,500,3.0,0.004,False
1126,58,29,0,CACC,7,10,100,0.05,0.04,0.05,6,500,3.0,0.002,False
1127,59,30,0,CACC,7,10,100,0.05,0.04,0.05,6,500,4.0,0.004,False
1128,60,30,0,CACC,7,10,100,0.05,0.04,0.05,6,500,4.0,0.002,False
1129,61,31,0,CACC,7,10,100,0.05,0.04,0.05,6,500,5.0,0.004,False
1130,62,31,0,CACC,7,10,100,0.05,0.04,0.05,6,500,5.0,0.002,False
1131,63,32,0,CACC,7,10,100,0.05,0.04,0.05,6,500,8.0,0.004,False
1132,64,32,0,CACC,7,10,100,0.05,0.04,0.05,6,500,8.0,0.002,False
1133,65,33,0,CACC,7,10,100,0.05,0.03,0.05,8,100,3.0,0.004,False
1134,66,33,0,CACC,7,10,100,0.05,0.03,0.05,8,100,3.0,0.002,False
1135,67,34,0,CACC,7,10,100,0.05,0.03,0.05,8,100,4.0,0.004,False
1136,68,34,0,CACC,7,10,100,0.05,0.03,0.05,8,100,4.0,0.002,False
1137,69,35,0,CACC,7,10,100,0.05,0.03,0.05,8,100,5.0,0.004,False
1138,70,35,0,CACC,7,10,100,0.05,0.03,0.05,8,100,5.0,0.002,False
1139,71,36,0,CACC,7,10,100,0.05,0.03,0.05,8,100,8.0,0.004,False
1140,72,36,0,CACC,7,10,100,0.05,0.03,0.05,8,100,8.0,0.002,False
1141,73,37,0,CACC,7,10,100,0.05,0.03,0.05,8,500,3.0,0.004,False
1142,74,37,0,CACC,7,10,100,0.05,0.03,0.05,8,500,3.0,0.002,False
1143,75,38,0,CACC,7,10,100,0.05,0.03,0.05,8,500,4.0,0.004,False
1144,76,38,0,CACC,7,10,100,0.05,0.03,0.05,8,500,4.0,0.002,False
1145,77,39,0,CACC,7,10,100,0.05,0.03,0.05,8,500,5.0,0.004,False
1146,78,39,0,CACC,7,10,100,0.05,0.03,0.05,8,500,5.0,0.002,False
1147,79,40,0,CACC,7,10,100,0.05,0.03,0.05,8,500,8.0,0.004,False
1148,80,40,0,CACC,7,10,100,0.05,0.03,0.05,8,500,8.0,0.002,False
1149,81,41,0,CACC,7,10,100,0.05,0.03,0.05,6,100,3.0,0.004,False
1150,82,41,0,CACC,7,10,100,0.05,0.03,0.05,6,100,3.0,0.002,False
1151,83,42,0,CACC,7,10,100,0.05,0.03,0.05,6,100,4.0,0.004,False
1152,84,42,0,CACC,7,10,100,0.05,0.03,0.05,6,100,4.0,0.002,False
1153,85,43,0,CACC,7,10,100,0.05,0.03,0.05,6,100,5.0,0.004,False
1154,86,43,0,CACC,7,10,100,0.05,0.03,0.05,6,100,5.0,0.002,False
1155,87,44,0,CACC,7,10,100,0.05,0.03,0.05,6,100,8.0,0.004,False
1156,88,44,0,CACC,7,10,100,0.05,0.03,0.05,6,100,8.0,0.002,False
1157,89,45,0,CACC,7,10,100,0.05,0.03,0.05,6,500,3.0,0.004,False
1158,90,45,0,CACC,7,10,100,0.05,0.03,0.05,6,500,3.0,0.002,False
1159,91,46,0,CACC,7,10,100,0.05,0.03,0.05,6,500,4.0,0.004,False
1160,92,46,0,CACC,7,10,100,0.05,0.03,0.05,6,500,4.0,0.002,False
1161,93,47,0,CACC,7,10,100,0.05,0.03,0.05,6,500,5.0,0.004,False
1162,94,47,0,CACC,7,10,100,0.05,0.03,0.05,6,500,5.0,0.002,False
1163,95,48,0,CACC,7,10,100,0.05,0.03,0.05,6,500,8.0,0.004,False
1164,96,48,0,CACC,7,10,100,0.05,0.03,0.05,6,500,8.0,0.002,False
1165,97,49,0,CACC,7,10,100,0.1,0.02,0.1,8,100,3.0,0.007,False
1166,98,49,0,CACC,7,10,100,0.1,0.02,0.1,8,100,3.0,0.004,False
1167,99,50,0,CACC,7,10,100,0.1,0.02,0.1,8,100,4.0,0.007,False
1168,100,50,0,CACC,7,10,100,0.1,0.02,0.1,8,100,4.0,0.004,False
1169,101,51,0,CACC,7,10,100,0.1,0.02,0.1,8,100,5.0,0.007,False
1170,102,51,0,CACC,7,10,100,0.1,0.02,0.1,8,100,5.0,0.004,False
1171,103,52,0,CACC,7,10,100,0.1,0.02,0.1,8,100,8.0,0.007,False
1172,104,52,0,CACC,7,10,100,0.1,0.02,0.1,8,100,8.0,0.004,False
1173,105,53,0,CACC,7,10,100,0.1,0.02,0.1,8,500,3.0,0.007,False
1174,106,53,0,CACC,7,10,100,0.1,0.02,0.1,8,500,3.0,0.004,False
1175,107,54,0,CACC,7,10,100,0.1,0.02,0.1,8,500,4.0,0.007,False
1176,108,54,0,CACC,7,10,100,0.1,0.02,0.1,8,500,4.0,0.004,False
1177,109,55,0,CACC,7,10,100,0.1,0.02,0.1,8,500,5.0,0.007,False
1178,110,55,0,CACC,7,10,100,0.1,0.02,0.1,8,500,5.0,0.004,False
1179,111,56,0,CACC,7,10,100,0.1,0.02,0.1,8,500,8.0,0.007,False
1180,112,56,0,CACC,7,10,100,0.1,0.02,0.1,8,500,8.0,0.004,False
1181,113,57,0,CACC,7,10,100,0.1,0.02,0.1,6,100,3.0,0.007,False
1182,114,57,0,CACC,7,10,100,0.1,0.02,0.1,6,100,3.0,0.004,False
1183,115,58,0,CACC,7,10,100,0.1,0.02,0.1,6,100,4.0,0.007,False
1184,116,58,0,CACC,7,10,100,0.1,0.02,0.1,6,100,4.0,0.004,False
1185,117,59,0,CACC,7,10,100,0.1,0.02,0.1,6,100,5.0,0.007,False
1186,118,59,0,CACC,7,10,100,0.1,0.02,0.1,6,100,5.0,0.004,False
1187,119,60,0,CACC,7,10,100,0.1,0.02,0.1,6,100,8.0,0.007,False
1188,120,60,0,CACC,7,10,100,0.1,0.02,0.1,6,100,8.0,0.004,False
1189,121,61,0,CACC,7,10,100,0.1,0.02,0.1,6,500,3.0,0.007,False
1190,122,61,0,CACC,7,10,100,0.1,0.02,0.1,6,500,3.0,0.004,False
1191,123,62,0,CACC,7,10,100,0.1,0.02,0.1,6,500,4.0,0.007,False
1192,124,62,0,CACC,7,10,100,0.1,0.02,0.1,6,500,4.0,0.004,False
1193,125,63,0,CACC,7,10,100,0.1,0.02,0.1,6,500,5.0,0.007,False
1194,126,63,0,CACC,7,10,100,0.1,0.02,0.1,6,500,5.0,0.004,False
1195,127,64,0,CACC,7,10,100,0.1,0.02,0.1,6,500,8.0,0.007,False
1196,128,64,0,CACC,7,10,100,0.1,0.02,0.1,6,500,8.0,0.004,False
1197,129,65,0,CACC,7,10,100,0.1,0.04,0.1,8,100,3.0,0.004,False
1198,130,65,0,CACC,7,10,100,0.1,0.04,0.1,8,100,3.0,0.002,False
1199,131,66,0,CACC,7,10,100,0.1,0.04,0.1,8,100,4.0,0.004,False
1200,132,66,0,CACC,7,10,100,0.1,0.04,0.1,8,100,4.0,0.002,False
1201,133,67,0,CACC,7,10,100,0.1,0.04,0.1,8,100,5.0,0.004,False
1202,134,67,0,CACC,7,10,100,0.1,0.04,0.1,8,100,5.0,0.002,False
1203,135,68,0,CACC,7,10,100,0.1,0.04,0.1,8,100,8.0,0.004,False
1204,136,68,0,CACC,7,10,100,0.1,0.04,0.1,8,100,8.0,0.002,False
1205,137,69,0,CACC,7,10,100,0.1,0.04,0.1,8,500,3.0,0.004,False
1206,138,69,0,CACC,7,10,100,0.1,0.04,0.1,8,500,3.0,0.002,False
1207,139,70,0,CACC,7,10,100,0.1,0.04,0.1,8,500,4.0,0.004,False
1208,140,70,0,CACC,7,10,100,0.1,0.04,0.1,8,500,4.0,0.002,False
1209,141,71,0,CACC,7,10,100,0.1,0.04,0.1,8,500,5.0,0.004,False
1210,142,71,0,CACC,7,10,100,0.1,0.04,0.1,8,500,5.0,0.002,False
1211,143,72,0,CACC,7,10,100,0.1,0.04,0.1,8,500,8.0,0.004,False
1212,144,72,0,CACC,7,10,100,0.1,0.04,0.1,8,500,8.0,0.002,False
1213,145,73,0,CACC,7,10,100,0.1,0.04,0.1,6,100,3.0,0.004,False
1214,146,73,0,CACC,7,10,100,0.1,0.04,0.1,6,100,3.0,0.002,False
1215,147,74,0,CACC,7,10,100,0.1,0.04,0.1,6,100,4.0,0.004,False
1216,148,74,0,CACC,7,10,100,0.1,0.04,0.1,6,100,4.0,0.002,False
1217,149,75,0,CACC,7,10,100,0.1,0.04,0.1,6,100,5.0,0.004,False
1218,150,75,0,CACC,7,10,100,0.1,0.04,0.1,6,100,5.0,0.002,False
1219,151,76,0,CACC,7,10,100,0.1,0.04,0.1,6,100,8.0,0.004,False
1220,152,76,0,CACC,7,10,100,0.1,0.04,0.1,6,100,8.0,0.002,False
1221,153,77,0,CACC,7,10,100,0.1,0.04,0.1,6,500,3.0,0.004,False
1222,154,77,0,CACC,7,10,100,0.1,0.04,0.1,6,500,3.0,0.002,False
1223,155,78,0,CACC,7,10,100,0.1,0.04,0.1,6,500,4.0,0.004,False
1224,156,78,0,CACC,7,10,100,0.1,0.04,0.1,6,500,4.0,0.002,False
1225,157,79,0,CACC,7,10,100,0.1,0.04,0.1,6,500,5.0,0.004,False
1226,158,79,0,CACC,7,10,100,0.1,0.04,0.1,6,500,5.0,0.002,False
1227,159,80,0,CACC,7,10,100,0.1,0.04,0.1,6,500,8.0,0.004,False
1228,160,80,0,CACC,7,10,100,0.1,0.04,0.1,6,500,8.0,0.002,False
1229,161,81,0,CACC,7,10,100,0.1,0.03,0.1,8,100,3.0,0.004,False
1230,162,81,0,CACC,7,10,100,0.1,0.03,0.1,8,100,3.0,0.002,False
1231,163,82,0,CACC,7,10,100,0.1,0.03,0.1,8,100,4.0,0.004,False
1232,164,82,0,CACC,7,10,100,0.1,0.03,0.1,8,100,4.0,0.002,False
1233,165,83,0,CACC,7,10,100,0.1,0.03,0.1,8,100,5.0,0.004,False
1234,166,83,0,CACC,7,10,100,0.1,0.03,0.1,8,100,5.0,0.002,False
1235,167,84,0,CACC,7,10,100,0.1,0.03,0.1,8,100,8.0,0.004,False
1236,168,84,0,CACC,7,10,100,0.1,0.03,0.1,8,100,8.0,0.002,False
1237,169,85,0,CACC,7,10,100,0.1,0.03,0.1,8,500,3.0,0.004,False
1238,170,85,0,CACC,7,10,100,0.1,0.03,0.1,8,500,3.0,0.002,False
1239,171,86,0,CACC,7,10,100,0.1,0.03,0.1,8,500,4.0,0.004,False
1240,172,86,0,CACC,7,10,100,0.1,0.03,0.1,8,500,4.0,0.002,False
1241,173,87,0,CACC,7,10,100,0.1,0.03,0.1,8,500,5.0,0.004,False
1242,174,87,0,CACC,7,10,100,0.1,0.03,0.1,8,500,5.0,0.002,False
1243,175,88,0,CACC,7,10,100,0.1,0.03,0.1,8,500,8.0,0.004,False
1244,176,88,0,CACC,7,10,100,0.1,0.03,0.1,8,500,8.0,0.002,False
1245,177,89,0,CACC,7,10,100,0.1,0.03,0.1,6,100,3.0,0.004,False
1246,178,89,0,CACC,7,10,100,0.1,0.03,0.1,6,100,3.0,0.002,False
1247,179,90,0,CACC,7,10,100,0.1,0.03,0.1,6,100,4.0,0.004,False
1248,180,90,0,CACC,7,10,100,0.1,0.03,0.1,6,100,4.0,0.002,False
1249,181,91,0,CACC,7,10,100,0.1,0.03,0.1,6,100,5.0,0.004,False
1250,182,91,0,CACC,7,10,100,0.1,0.03,0.1,6,100,5.0,0.002,False
1251,183,92,0,CACC,7,10,100,0.1,0.03,0.1,6,100,8.0,0.004,False
1252,184,92,0,CACC,7,10,100,0.1,0.03,0.1,6,100,8.0,0.002,False
1253,185,93,0,CACC,7,10,100,0.1,0.03,0.1,6,500,3.0,0.004,False
1254,186,93,0,CACC,7,10,100,0.1,0.03,0.1,6,500,3.0,0.002,False
1255,187,94,0,CACC,7,10,100,0.1,0.03,0.1,6,500,4.0,0.004,False
1256,188,94,0,CACC,7,10,100,0.1,0.03,0.1,6,500,4.0,0.002,False
1257,189,95,0,CACC,7,10,100,0.1,0.03,0.1,6,500,5.0,0.004,False
1258,190,95,0,CACC,7,10,100,0.1,0.03,0.1,6,500,5.0,0.002,False
1259,191,96,0,CACC,7,10,100,0.1,0.03,0.1,6,500,8.0,0.004,False
1260,192,96,0,CACC,7,10,100,0.1,0.03,0.1,6,500,8.0,0.002,False
1261,193,97,0,CACC,7,100,100,0.05,0.02,0.05,8,100,3.0,0.094,False
1262,194,97,0,CACC,7,100,100,0.05,0.02,0.05,8,100,3.0,0.048,False
1263,195,98,0,CACC,7,100,100,0.05,0.02,0.05,8,100,4.0,0.094,False
1264,196,98,0,CACC,7,100,100,0.05,0.02,0.05,8,100,4.0,0.048,False
1265,197,99,0,CACC,7,100,100,0.05,0.02,0.05,8,100,5.0,0.094,False
1266,198,99,0,CACC,7,100,100,0.05,0.02,0.05,8,100,5.0,0.048,False
1267,199,100,0,CACC,7,100,100,0.05,0.02,0.05,8,100,8.0,0.094,False
1268,200,100,0,CACC,7,100,100,0.05,0.02,0.05,8,100,8.0,0.048,False
1269,201,101,0,CACC,7,100,100,0.05,0.02,0.05,8,500,3.0,0.094,False
1270,202,101,0,CACC,7,100,100,0.05,0.02,0.05,8,500,3.0,0.048,False
1271,203,102,0,CACC,7,100,100,0.05,0.02,0.05,8,500,4.0,0.094,False
1272,204,102,0,CACC,7,100,100,0.05,0.02,0.05,8,500,4.0,0.048,False
1273,205,103,0,CACC,7,100,100,0.05,0.02,0.05,8,500,5.0,0.094,False
1274,206,103,0,CACC,7,100,100,0.05,0.02,0.05,8,500,5.0,0.048,False
1275,207,104,0,CACC,7,100,100,0.05,0.02,0.05,8,500,8.0,0.094,False
1276,208,104,0,CACC,7,100,100,0.05,0.02,0.05,8,500,8.0,0.048,False
1277,209,105,0,CACC,7,100,100,0.05,0.02,0.05,6,100,3.0,0.094,False
1278,210,105,0,CACC,7,100,100,0.05,0.02,0.05,6,100,3.0,0.048,False
1279,211,106,0,CACC,7,100,100,0.05,0.02,0.05,6,100,4.0,0.094,False
1280,212,106,0,CACC,7,100,100,0.05,0.02,0.05,6,100,4.0,0.048,False
1281,213,107,0,CACC,7,100,100,0.05,0.02,0.05,6,100,5.0,0.094,False
1282,214,107,0,CACC,7,100,100,0.05,0.02,0.05,6,100,5.0,0.048,True
1283,215,108,0,CACC,7,100,100,0.05,0.02,0.05,6,100,8.0,0.094,False
1284,216,108,0,CACC,7,100,100,0.05,0.02,0.05,6,100,8.0,0.048,False
1285,217,109,0,CACC,7,100,100,0.05,0.02,0.05,6,500,3.0,0.094,False
1286,218,109,0,CACC,7,100,100,0.05,0.02,0.05,6,500,3.0,0.048,False
1287,219,110,0,CACC,7,100,100,0.05,0.02,0.05,6,500,4.0,0.094,False
1288,220,110,0,CACC,7,100,100,0.05,0.02,0.05,6,500,4.0,0.048,False
1289,221,111,0,CACC,7,100,100,0.05,0.02,0.05,6,500,5.0,0.094,False
1290,222,111,0,CACC,7,100,100,0.05,0.02,0.05,6,500,5.0,0.048,True
1291,223,112,0,CACC,7,100,100,0.05,0.02,0.05,6,500,8.0,0.094,False
1292,224,112,0,CACC,7,100,100,0.05,0.02,0.05,6,500,8.0,0.048,False
1293,225,113,0,CACC,7,100,100,0.05,0.04,0.05,8,100,3.0,0.063,False
1294,226,113,0,CACC,7,100,100,0.05,0.04,0.05,8,100,3.0,0.032,True
1295,227,114,0,CACC,7,100,100,0.05,0.04,0.05,8,100,4.0,0.063,False
1296,228,114,0,CACC,7,100,100,0.05,0.04,0.05,8,100,4.0,0.032,False
1297,229,115,0,CACC,7,100,100,0.05,0.04,0.05,8,100,5.0,0.063,False
1298,230,115,0,CACC,7,100,100,0.05,0.04,0.05,8,100,5.0,0.032,False
1299,231,116,0,CACC,7,100,100,0.05,0.04,0.05,8,100,8.0,0.063,False
1300,232,116,0,CACC,7,100,100,0.05,0.04,0.05,8,100,8.0,0.032,False
1301,233,117,0,CACC,7,100,100,0.05,0.04,0.05,8,500,3.0,0.063,False
1302,234,117,0,CACC,7,100,100,0.05,0.04,0.05,8,500,3.0,0.032,False
1303,235,118,0,CACC,7,100,100,0.05,0.04,0.05,8,500,4.0,0.063,False
1304,236,118,0,CACC,7,100,100,0.05,0.04,0.05,8,500,4.0,0.032,False
1305,237,119,0,CACC,7,100,100,0.05,0.04,0.05,8,500,5.0,0.063,False
1306,238,119,0,CACC,7,100,100,0.05,0.04,0.05,8,500,5.0,0.032,False
1307,239,120,0,CACC,7,100,100,0.05,0.04,0.05,8,500,8.0,0.063,False
1308,240,120,0,CACC,7,100,100,0.05,0.04,0.05,8,500,8.0,0.032,False
1309,241,121,0,CACC,7,100,100,0.05,0.04,0.05,6,100,3.0,0.063,False
1310,242,121,0,CACC,7,100,100,0.05,0.04,0.05,6,100,3.0,0.032,True
1311,243,122,0,CACC,7,100,100,0.05,0.04,0.05,6,100,4.0,0.063,False
1312,244,122,0,CACC,7,100,100,0.05,0.04,0.05,6,100,4.0,0.032,False
1313,245,123,0,CACC,7,100,100,0.05,0.04,0.05,6,100,5.0,0.063,False
1314,246,123,0,CACC,7,100,100,0.05,0.04,0.05,6,100,5.0,0.032,False
1315,247,124,0,CACC,7,100,100,0.05,0.04,0.05,6,100,8.0,0.063,False
1316,248,124,0,CACC,7,100,100,0.05,0.04,0.05,6,100,8.0,0.032,False
1317,249,125,0,CACC,7,100,100,0.05,0.04,0.05,6,500,3.0,0.063,False
1318,250,125,0,CACC,7,100,100,0.05,0.04,0.05,6,500,3.0,0.032,False
1319,251,126,0,CACC,7,100,100,0.05,0.04,0.05,6,500,4.0,0.063,False
1320,252,126,0,CACC,7,100,100,0.05,0.04,0.05,6,500,4.0,0.032,False
1321,253,127,0,CACC,7,100,100,0.05,0.04,0.05,6,500,5.0,0.063,False
1322,254,127,0,CACC,7,100,100,0.05,0.04,0.05,6,500,5.0,0.032,False
1323,255,128,0,CACC,7,100,100,0.05,0.04,0.05,6,500,8.0,0.063,False
1324,256,128,0,CACC,7,100,100,0.05,0.04,0.05,6,500,8.0,0.032,False
1325,257,129,0,CACC,7,100,100,0.05,0.03,0.05,8,100,3.0,0.079,False
1326,258,129,0,CACC,7,100,100,0.05,0.03,0.05,8,100,3.0,0.04,False
1327,259,130,0,CACC,7,100,100,0.05,0.03,0.05,8,100,4.0,0.079,False
1328,260,130,0,CACC,7,100,100,0.05,0.03,0.05,8,100,4.0,0.04,False
1329,261,131,0,CACC,7,100,100,0.05,0.03,0.05,8,100,5.0,0.079,False
1330,262,131,0,CACC,7,100,100,0.05,0.03,0.05,8,100,5.0,0.04,False
1331,263,132,0,CACC,7,100,100,0.05,0.03,0.05,8,100,8.0,0.079,False
1332,264,132,0,CACC,7,100,100,0.05,0.03,0.05,8,100,8.0,0.04,False
1333,265,133,0,CACC,7,100,100,0.05,0.03,0.05,8,500,3.0,0.079,False
1334,266,133,0,CACC,7,100,100,0.05,0.03,0.05,8,500,3.0,0.04,False
1335,267,134,0,CACC,7,100,100,0.05,0.03,0.05,8,500,4.0,0.079,False
1336,268,134,0,CACC,7,100,100,0.05,0.03,0.05,8,500,4.0,0.04,False
1337,269,135,0,CACC,7,100,100,0.05,0.03,0.05,8,500,5.0,0.079,False
1338,270,135,0,CACC,7,100,100,0.05,0.03,0.05,8,500,5.0,0.04,False
1339,271,136,0,CACC,7,100,100,0.05,0.03,0.05,8,500,8.0,0.079,False
1340,272,136,0,CACC,7,100,100,0.05,0.03,0.05,8,500,8.0,0.04,False
1341,273,137,0,CACC,7,100,100,0.05,0.03,0.05,6,100,3.0,0.079,False
1342,274,137,0,CACC,7,100,100,0.05,0.03,0.05,6,100,3.0,0.04,False
1343,275,138,0,CACC,7,100,100,0.05,0.03,0.05,6,100,4.0,0.079,False
1344,276,138,0,CACC,7,100,100,0.05,0.03,0.05,6,100,4.0,0.04,False
1345,277,139,0,CACC,7,100,100,0.05,0.03,0.05,6,100,5.0,0.079,False
1346,278,139,0,CACC,7,100,100,0.05,0.03,0.05,6,100,5.0,0.04,False
1347,279,140,0,CACC,7,100,100,0.05,0.03,0.05,6,100,8.0,0.079,False
1348,280,140,0,CACC,7,100,100,0.05,0.03,0.05,6,100,8.0,0.04,False
1349,281,141,0,CACC,7,100,100,0.05,0.03,0.05,6,500,3.0,0.079,False
1350,282,141,0,CACC,7,100,100,0.05,0.03,0.05,6,500,3.0,0.04,False
1351,283,142,0,CACC,7,100,100,0.05,0.03,0.05,6,500,4.0,0.079,False
1352,284,142,0,CACC,7,100,100,0.05,0.03,0.05,6,500,4.0,0.04,False
1353,285,143,0,CACC,7,100,100,0.05,0.03,0.05,6,500,5.0,0.079,False
1354,286,143,0,CACC,7,100,100,0.05,0.03,0.05,6,500,5.0,0.04,False
1355,287,144,0,CACC,7,100,100,0.05,0.03,0.05,6,500,8.0,0.079,False
1356,288,144,0,CACC,7,100,100,0.05,0.03,0.05,6,500,8.0,0.04,False
1357,289,145,0,CACC,7,100,100,0.1,0.02,0.1,8,100,3.0,0.094,False
1358,290,145,0,CACC,7,100,100,0.1,0.02,0.1,8,100,3.0,0.048,False
1359,291,146,0,CACC,7,100,100,0.1,0.02,0.1,8,100,4.0,0.094,False
1360,292,146,0,CACC,7,100,100,0.1,0.02,0.1,8,100,4.0,0.048,False
1361,293,147,0,CACC,7,100,100,0.1,0.02,0.1,8,100,5.0,0.094,False
1362,294,147,0,CACC,7,100,100,0.1,0.02,0.1,8,100,5.0,0.048,False
1363,295,148,0,CACC,7,100,100,0.1,0.02,0.1,8,100,8.0,0.094,False
1364,296,148,0,CACC,7,100,100,0.1,0.02,0.1,8,100,8.0,0.048,False
1365,297,149,0,CACC,7,100,100,0.1,0.02,0.1,8,500,3.0,0.094,False
1366,298,149,0,CACC,7,100,100,0.1,0.02,0.1,8,500,3.0,0.048,False
1367,299,150,0,CACC,7,100,100,0.1,0.02,0.1,8,500,4.0,0.094,False
1368,300,150,0,CACC,7,100,100,0.1,0.02,0.1,8,500,4.0,0.048,False
1369,301,151,0,CACC,7,100,100,0.1,0.02,0.1,8,500,5.0,0.094,False
1370,302,151,0,CACC,7,100,100,0.1,0.02,0.1,8,500,5.0,0.048,False
1371,303,152,0,CACC,7,100,100,0.1,0.02,0.1,8,500,8.0,0.094,False
1372,304,152,0,CACC,7,100,100,0.1,0.02,0.1,8,500,8.0,0.048,False
1373,305,153,0,CACC,7,100,100,0.1,0.02,0.1,6,100,3.0,0.094,False
1374,306,153,0,CACC,7,100,100,0.1,0.02,0.1,6,100,3.0,0.048,False
1375,307,154,0,CACC,7,100,100,0.1,0.02,0.1,6,100,4.0,0.094,False
1376,308,154,0,CACC,7,100,100,0.1,0.02,0.1,6,100,4.0,0.048,False
1377,309,1,0,CACC,7,300,100,0.05,0.02,0.05,8,100,3.0,0.157,False
1378,310,1,0,CACC,7,300,100,0.05,0.02,0.05,8,100,3.0,0.079,False
1379,311,2,0,CACC,7,300,100,0.05,0.02,0.05,8,100,4.0,0.157,False
1380,312,2,0,CACC,7,300,100,0.05,0.02,0.05,8,100,4.0,0.079,False
1381,313,3,0,CACC,7,300,100,0.05,0.02,0.05,8,100,5.0,0.157,False
1382,314,3,0,CACC,7,300,100,0.05,0.02,0.05,8,100,5.0,0.079,False
1383,315,4,0,CACC,7,300,100,0.05,0.02,0.05,8,100,8.0,0.157,False
1384,316,4,0,CACC,7,300,100,0.05,0.02,0.05,8,100,8.0,0.079,False
1385,317,5,0,CACC,7,300,100,0.05,0.02,0.05,8,500,3.0,0.157,True
1386,318,5,0,CACC,7,300,100,0.05,0.02,0.05,8,500,3.0,0.098,False
1387,319,6,0,CACC,7,300,100,0.05,0.02,0.05,8,500,4.0,0.157,False
1388,320,6,0,CACC,7,300,100,0.05,0.02,0.05,8,500,4.0,0.079,False
1389,321,7,0,CACC,7,300,100,0.05,0.02,0.05,8,500,5.0,0.157,False
1390,322,7,0,CACC,7,300,100,0.05,0.02,0.05,8,500,5.0,0.079,False
1391,323,8,0,CACC,7,300,100,0.05,0.02,0.05,8,500,8.0,0.157,False
1392,324,8,0,CACC,7,300,100,0.05,0.02,0.05,8,500,8.0,0.079,False
1393,325,9,0,CACC,7,300,100,0.05,0.02,0.05,6,100,3.0,0.157,False
1394,326,9,0,CACC,7,300,100,0.05,0.02,0.05,6,100,3.0,0.079,False
1395,327,10,0,CACC,7,300,100,0.05,0.02,0.05,6,100,4.0,0.157,False
1396,328,10,0,CACC,7,300,100,0.05,0.02,0.05,6,100,4.0,0.079,False
1397,329,11,0,CACC,7,300,100,0.05,0.02,0.05,6,100,5.0,0.157,False
1398,330,11,0,CACC,7,300,100,0.05,0.02,0.05,6,100,5.0,0.079,False
1399,331,12,0,CACC,7,300,100,0.05,0.02,0.05,6,100,8.0,0.157,False
1400,332,12,0,CACC,7,300,100,0.05,0.02,0.05,6,100,8.0,0.079,False
1401,333,13,0,CACC,7,300,100,0.05,0.02,0.05,6,500,3.0,0.157,True
1402,334,13,0,CACC,7,300,100,0.05,0.02,0.05,6,500,3.0,0.098,False
1403,335,14,0,CACC,7,300,100,0.05,0.02,0.05,6,500,4.0,0.157,False
1404,336,14,0,CACC,7,300,100,0.05,0.02,0.05,6,500,4.0,0.079,False
1405,337,15,0,CACC,7,300,100,0.05,0.02,0.05,6,500,5.0,0.157,False
1406,338,15,0,CACC,7,300,100,0.05,0.02,0.05,6,500,5.0,0.079,False
1407,339,16,0,CACC,7,300,100,0.05,0.02,0.05,6,500,8.0,0.157,False
1408,340,16,0,CACC,7,300,100,0.05,0.02,0.05,6,500,8.0,0.079,False
1409,341,17,0,CACC,7,300,100,0.05,0.03,0.05,8,100,3.0,0.126,False
1410,342,17,0,CACC,7,300,100,0.05,0.03,0.05,8,100,3.0,0.063,False
1411,343,18,0,CACC,7,300,100,0.05,0.03,0.05,8,100,4.0,0.126,False
1412,344,18,0,CACC,7,300,100,0.05,0.03,0.05,8,100,4.0,0.063,False
1413,345,19,0,CACC,7,300,100,0.05,0.03,0.05,8,100,5.0,0.126,False
1414,346,19,0,CACC,7,300,100,0.05,0.03,0.05,8,100,5.0,0.063,False
1415,347,20,0,CACC,7,300,100,0.05,0.03,0.05,8,100,8.0,0.126,False
1416,348,20,0,CACC,7,300,100,0.05,0.03,0.05,8,100,8.0,0.063,False
1417,349,21,0,CACC,7,300,100,0.05,0.03,0.05,8,500,3.0,0.126,False
1418,350,21,0,CACC,7,300,100,0.05,0.03,0.05,8,500,3.0,0.063,False
1419,351,22,0,CACC,7,300,100,0.05,0.03,0.05,8,500,4.0,0.126,False
1420,352,22,0,CACC,7,300,100,0.05,0.03,0.05,8,500,4.0,0.063,False
1421,353,23,0,CACC,7,300,100,0.05,0.03,0.05,8,500,5.0,0.126,False
1422,354,23,0,CACC,7,300,100,0.05,0.03,0.05,8,500,5.0,0.063,False
1423,355,24,0,CACC,7,300,100,0.05,0.03,0.05,8,500,8.0,0.126,False
1424,356,24,0,CACC,7,300,100,0.05,0.03,0.05,8,500,8.0,0.063,False
1425,357,25,0,CACC,7,300,100,0.05,0.03,0.05,6,100,3.0,0.126,False
1426,358,25,0,CACC,7,300,100,0.05,0.03,0.05,6,100,3.0,0.063,False
1427,359,26,0,CACC,7,300,100,0.05,0.03,0.05,6,100,4.0,0.126,False
1428,360,26,0,CACC,7,300,100,0.05,0.03,0.05,6,100,4.0,0.063,False
1429,361,27,0,CACC,7,300,100,0.05,0.03,0.05,6,100,5.0,0.126,False
1430,362,27,0,CACC,7,300,100,0.05,0.03,0.05,6,100,5.0,0.063,False
1431,363,28,0,CACC,7,300,100,0.05,0.03,0.05,6,100,8.0,0.126,False
1432,364,28,0,CACC,7,300,100,0.05,0.03,0.05,6,100,8.0,0.063,False
1433,365,29,0,CACC,7,300,100,0.05,0.03,0.05,6,500,3.0,0.126,False
1434,366,29,0,CACC,7,300,100,0.05,0.03,0.05,6,500,3.0,0.063,False
1435,367,30,0,CACC,7,300,100,0.05,0.03,0.05,6,500,4.0,0.126,False
1436,368,30,0,CACC,7,300,100,0.05,0.03,0.05,6,500,4.0,0.063,False
1437,369,31,0,CACC,7,300,100,0.05,0.03,0.05,6,500,5.0,0.126,False
1438,370,31,0,CACC,7,300,100,0.05,0.03,0.05,6,500,5.0,0.063,False
1439,371,32,0,CACC,7,300,100,0.05,0.03,0.05,6,500,8.0,0.126,False
1440,372,32,0,CACC,7,300,100,0.05,0.03,0.05,6,500,8.0,0.063,False
1441,373,33,0,CACC,7,300,100,0.1,0.02,0.1,8,100,3.0,0.157,True
1442,374,33,0,CACC,7,300,100,0.1,0.02,0.1,8,100,3.0,0.098,True
1443,375,34,0,CACC,7,300,100,0.1,0.02,0.1,8,100,4.0,0.157,False
1444,376,34,0,CACC,7,300,100,0.1,0.02,0.1,8,100,4.0,0.079,False
1445,377,35,0,CACC,7,300,100,0.1,0.02,0.1,8,100,5.0,0.157,True
1446,378,35,0,CACC,7,300,100,0.1,0.02,0.1,8,100,5.0,0.098,True
1447,379,36,0,CACC,7,300,100,0.1,0.02,0.1,8,100,8.0,0.157,False
1448,380,36,0,CACC,7,300,100,0.1,0.02,0.1,8,100,8.0,0.079,False
1449,381,37,0,CACC,7,300,100,0.1,0.02,0.1,8,500,3.0,0.157,False
1450,382,37,0,CACC,7,300,100,0.1,0.02,0.1,8,500,3.0,0.079,False
1451,383,38,0,CACC,7,300,100,0.1,0.02,0.1,8,500,4.0,0.157,False
1452,384,38,0,CACC,7,300,100,0.1,0.02,0.1,8,500,4.0,0.079,False
1453,385,39,0,CACC,7,300,100,0.1,0.02,0.1,8,500,5.0,0.157,False
1454,386,39,0,CACC,7,300,100,0.1,0.02,0.1,8,500,5.0,0.079,False
1455,387,40,0,CACC,7,300,100,0.1,0.02,0.1,8,500,8.0,0.157,False
1456,388,40,0,CACC,7,300,100,0.1,0.02,0.1,8,500,8.0,0.079,False
1457,389,41,0,CACC,7,300,100,0.1,0.02,0.1,6,100,3.0,0.157,True
1458,390,41,0,CACC,7,300,100,0.1,0.02,0.1,6,100,3.0,0.098,True
1459,391,42,0,CACC,7,300,100,0.1,0.02,0.1,6,100,4.0,0.157,False
1460,392,42,0,CACC,7,300,100,0.1,0.02,0.1,6,100,4.0,0.079,False
1461,393,43,0,CACC,7,300,100,0.1,0.02,0.1,6,100,5.0,0.157,False
1462,394,43,0,CACC,7,300,100,0.1,0.02,0.1,6,100,5.0,0.079,True
1463,395,44,0,CACC,7,300,100,0.1,0.02,0.1,6,100,8.0,0.157,False
1464,396,44,0,CACC,7,300,100,0.1,0.02,0.1,6,100,8.0,0.079,False
1465,397,45,0,CACC,7,300,100,0.1,0.02,0.1,6,500,3.0,0.157,False
1466,398,45,0,CACC,7,300,100,0.1,0.02,0.1,6,500,3.0,0.079,False
1467,399,46,0,CACC,7,300,100,0.1,0.02,0.1,6,500,4.0,0.157,False
1468,400,46,0,CACC,7,300,100,0.1,0.02,0.1,6,500,4.0,0.079,False
1469,401,47,0,CACC,7,300,100,0.1,0.02,0.1,6,500,5.0,0.157,False
1470,402,1,0,CACC,7,300,100,0.1,0.03,0.1,8,500,3.0,0.126,False
1471,403,1,0,CACC,7,300,100,0.1,0.03,0.1,8,500,3.0,0.063,False
1472,404,2,0,CACC,7,300,100,0.1,0.03,0.1,8,500,4.0,0.126,True
1473,405,2,0,CACC,7,300,100,0.1,0.03,0.1,8,500,4.0,0.078,True
1474,406,3,0,CACC,7,300,100,0.1,0.03,0.1,8,500,5.0,0.126,False
1475,407,3,0,CACC,7,300,100,0.1,0.03,0.1,8,500,5.0,0.063,False
1476,408,4,0,CACC,7,300,100,0.1,0.03,0.1,6,500,3.0,0.126,False
1477,409,4,0,CACC,7,300,100,0.1,0.03,0.1,6,500,3.0,0.063,False
1478,410,5,0,CACC,7,300,100,0.1,0.03,0.1,6,500,4.0,0.126,True
1479,411,5,0,CACC,7,300,100,0.1,0.03,0.1,6,500,4.0,0.078,True
1480,412,6,0,CACC,7,300,100,0.1,0.03,0.1,6,500,5.0,0.126,False
1481,413,6,0,CACC,7,300,100,0.1,0.03,0.1,6,500,5.0,0.063,False
1482,414,1,0,CACC,7,400,100,0.1,0.02,0.1,8,300,3.0,0.157,True
1483,415,1,0,CACC,7,400,100,0.1,0.02,0.1,8,300,3.0,0.098,False
1484,416,2,0,CACC,7,400,100,0.1,0.02,0.1,8,300,4.0,0.157,False
1485,417,2,0,CACC,7,400,100,0.1,0.02,0.1,8,300,4.0,0.079,True
1486,418,3,0,CACC,7,400,100,0.1,0.02,0.1,8,300,5.0,0.157,False
1487,419,3,0,CACC,7,400,100,0.1,0.02,0.1,8,300,5.0,0.079,False
1488,420,4,0,CACC,7,400,100,0.1,0.02,0.1,8,500,3.0,0.157,True
1489,421,4,0,CACC,7,400,100,0.1,0.02,0.1,8,500,3.0,0.098,False
1490,422,5,0,CACC,7,400,100,0.1,0.02,0.1,8,500,4.0,0.157,False
1491,423,5,0,CACC,7,400,100,0.1,0.02,0.1,8,500,4.0,0.079,False
1492,424,6,0,CACC,7,400,100,0.1,0.02,0.1,8,500,5.0,0.157,False
1493,425,6,0,CACC,7,400,100,0.1,0.02,0.1,8,500,5.0,0.079,False
1494,426,7,0,CACC,7,400,100,0.1,0.03,0.1,8,300,3.0,0.126,False
1495,427,7,0,CACC,7,400,100,0.1,0.03,0.1,8,300,3.0,0.063,False
1496,428,8,0,CACC,7,400,100,0.1,0.03,0.1,8,300,4.0,0.126,False
1497,429,8,0,CACC,7,400,100,0.1,0.03,0.1,8,300,4.0,0.063,False
1498,430,9,0,CACC,7,400,100,0.1,0.03,0.1,8,300,5.0,0.126,True
1499,431,9,0,CACC,7,400,100,0.1,0.03,0.1,8,300,5.0,0.078,False
1500,432,10,0,CACC,7,400,100,0.1,0.03,0.1,8,500,3.0,0.126,False
1501,433,10,0,CACC,7,400,100,0.1,0.03,0.1,8,500,3.0,0.063,False
1502,434,11,0,CACC,7,400,100,0.1,0.03,0.1,8,500,4.0,0.126,False
1503,435,11,0,CACC,7,400,100,0.1,0.03,0.1,8,500,4.0,0.063,False
1504,436,12,0,CACC,7,400,100,0.1,0.03,0.1,8,500,5.0,0.126,False
1505,437,12,0,CACC,7,400,100,0.1,0.03,0.1,8,500,5.0,0.063,False
1506,438,1,0,CACC,10,500,100,0.1,0.02,0.1,8,500,3.0,0.157,False
1507,439,1,0,CACC,10,500,100,0.1,0.02,0.1,8,500,3.0,0.079,True
1508,440,2,0,CACC,10,500,100,0.1,0.02,0.1,8,500,4.0,0.157,True
1509,441,2,0,CACC,10,500,100,0.1,0.02,0.1,8,500,4.0,0.098,True
1510,442,3,0,CACC,10,500,100,0.1,0.02,0.1,8,500,5.0,0.157,False
1511,443,3,0,CACC,10,500,100,0.1,0.02,0.1,8,500,5.0,0.079,False
1512,444,4,0,CACC,10,500,100,0.1,0.03,0.1,8,500,3.0,0.157,False
1513,445,4,0,CACC,10,500,100,0.1,0.03,0.1,8,500,3.0,0.079,False
1514,446,5,0,CACC,10,500,100,0.1,0.03,0.1,8,500,4.0,0.157,False
1515,447,5,0,CACC,10,500,100,0.1,0.03,0.1,8,500,4.0,0.079,False
1516,448,6,0,CACC,10,500,100,0.1,0.03,0.1,8,500,5.0,0.157,False
1517,449,6,0,CACC,10,500,100,0.1,0.03,0.1,8,500,5.0,0.079,False
1518,450,7,0,CACC,10,400,100,0.1,0.02,0.1,8,500,3.0,0.157,True
1519,451,7,0,CACC,10,400,100,0.1,0.02,0.1,8,500,3.0,0.098,False
1520,452,8,0,CACC,10,400,100,0.1,0.02,0.1,8,500,4.0,0.157,False
1521,453,8,0,CACC,10,400,100,0.1,0.02,0.1,8,500,4.0,0.079,False
1522,454,9,0,CACC,10,400,100,0.1,0.02,0.1,8,500,5.0,0.157,False
1523,455,9,0,CACC,10,400,100,0.1,0.02,0.1,8,500,5.0,0.079,False
1524,456,10,0,CACC,10,400,100,0.1,0.03,0.1,8,500,3.0,0.126,False
1525,457,10,0,CACC,10,400,100,0.1,0.03,0.1,8,500,3.0,0.063,False
1526,458,11,0,CACC,10,400,100,0.1,0.03,0.1,8,500,4.0,0.126,False
1527,459,11,0,CACC,10,400,100,0.1,0.03,0.1,8,500,4.0,0.063,False
1528,460,12,0,CACC,10,400,100,0.1,0.03,0.1,8,500,5.0,0.126,False
1529,461,12,0,CACC,10,400,100,0.1,0.03,0.1,8,500,5.0,0.063,False
1530,462,13,0,CACC,10,300,100,0.1,0.02,0.1,8,500,3.0,0.157,True
1531,463,13,0,CACC,10,300,100,0.1,0.02,0.1,8,500,3.0,0.098,False
1532,464,14,0,CACC,10,300,100,0.1,0.02,0.1,8,500,4.0,0.157,True
1533,465,14,0,CACC,10,300,100,0.1,0.02,0.1,8,500,4.0,0.098,True
1534,466,15,0,CACC,10,300,100,0.1,0.02,0.1,8,500,5.0,0.157,False
1535,467,15,0,CACC,10,300,100,0.1,0.02,0.1,8,500,5.0,0.079,False
1536,468,16,0,CACC,10,300,100,0.1,0.03,0.1,8,500,3.0,0.126,False
1537,469,16,0,CACC,10,300,100,0.1,0.03,0.1,8,500,3.0,0.063,False
1538,470,17,0,CACC,10,300,100,0.1,0.03,0.1,8,500,4.0,0.126,False
1539,471,17,0,CACC,10,300,100,0.1,0.03,0.1,8,500,4.0,0.063,True
1540,472,18,0,CACC,10,300,100,0.1,0.03,0.1,8,500,5.0,0.126,False
1541,473,18,0,CACC,10,300,100,0.1,0.03,0.1,8,500,5.0,0.063,False
1542,474,1,0,CACC,12,500,80,0.1,0.01,0.1,8,500,2.0,0.157,True
1543,475,1,0,CACC,12,500,80,0.1,0.01,0.1,8,500,2.0,0.094,True
1544,476,2,0,CACC,12,500,80,0.1,0.01,0.1,8,500,3.0,0.157,True
1545,477,2,0,CACC,12,500,80,0.1,0.01,0.1,8,500,3.0,0.094,True
1546,478,3,0,CACC,12,500,80,0.1,0.01,0.1,8,500,4.0,0.157,True
1547,479,3,0,CACC,12,500,80,0.1,0.01,0.1,8,500,4.0,0.094,True
1548,480,4,0,CACC,12,500,80,0.1,0.01,0.1,8,500,5.0,0.157,True
1549,481,4,0,CACC,12,500,80,0.1,0.01,0.1,8,500,5.0,0.094,False
1550,482,5,0,CACC,12,500,80,0.1,0.02,0.1,8,500,2.0,0.157,True
1551,483,5,0,CACC,12,500,80,0.1,0.02,0.1,8,500,2.0,0.094,True
1552,484,6,0,CACC,12,500,80,0.1,0.02,0.1,8,500,3.0,0.157,False
1553,485,6,0,CACC,12,500,80,0.1,0.02,0.1,8,500,3.0,0.079,True
1554,486,7,0,CACC,12,500,80,0.1,0.02,0.1,8,500,4.0,0.157,False
1555,487,7,0,CACC,12,500,80,0.1,0.02,0.1,8,500,4.0,0.079,False
1556,488,8,0,CACC,12,500,80,0.1,0.02,0.1,8,500,5.0,0.157,True
1557,489,8,0,CACC,12,500,80,0.1,0.02,0.1,8,500,5.0,0.094,True
1558,490,9,0,CACC,12,500,120,0.1,0.01,0.1,8,500,2.0,0.157,False
1559,491,9,0,CACC,12,500,120,0.1,0.01,0.1,8,500,2.0,0.079,False
1560,492,10,0,CACC,12,500,120,0.1,0.01,0.1,8,500,3.0,0.157,False
1561,493,10,0,CACC,12,500,120,0.1,0.01,0.1,8,500,3.0,0.079,False
1562,494,11,0,CACC,12,500,120,0.1,0.01,0.1,8,500,4.0,0.157,False
1563,495,11,0,CACC,12,500,120,0.1,0.01,0.1,8,500,4.0,0.079,False
1564,496,12,0,CACC,12,500,120,0.1,0.01,0.1,8,500,5.0,0.157,False
1565,497,12,0,CACC,12,500,120,0.1,0.01,0.1,8,500,5.0,0.079,False
1566,498,13,0,CACC,12,500,120,0.1,0.02,0.1,8,500,2.0,0.157,False
1567,499,13,0,CACC,12,500,120,0.1,0.02,0.1,8,500,2.0,0.079,False
1568,500,14,0,CACC,12,500,120,0.1,0.02,0.1,8,500,3.0,0.157,False
1569,501,14,0,CACC,12,500,120,0.1,0.02,0.1,8,500,3.0,0.079,False
1570,502,15,0,CACC,12,500,120,0.1,0.02,0.1,8,500,4.0,0.157,False
1571,503,15,0,CACC,12,500,120,0.1,0.02,0.1,8,500,4.0,0.079,False
1572,504,16,0,CACC,12,500,120,0.1,0.02,0.1,8,500,5.0,0.157,False
1573,505,16,0,CACC,12,500,120,0.1,0.02,0.1,8,500,5.0,0.079,False
1574,506,17,0,CACC,12,400,80,0.1,0.01,0.1,8,500,2.0,0.157,True
1575,507,17,0,CACC,12,400,80,0.1,0.01,0.1,8,500,2.0,0.094,True
1576,508,18,0,CACC,12,400,80,0.1,0.01,0.1,8,500,3.0,0.157,True
1577,509,18,0,CACC,12,400,80,0.1,0.01,0.1,8,500,3.0,0.094,True
1578,510,19,0,CACC,12,400,80,0.1,0.01,0.1,8,500,4.0,0.157,True
1579,511,19,0,CACC,12,400,80,0.1,0.01,0.1,8,500,4.0,0.094,True
1580,512,20,0,CACC,12,400,80,0.1,0.01,0.1,8,500,5.0,0.157,False
1581,513,20,0,CACC,12,400,80,0.1,0.01,0.1,8,500,5.0,0.079,False
1582,514,21,0,CACC,12,400,80,0.1,0.02,0.1,8,500,2.0,0.157,False
1583,515,21,0,CACC,12,400,80,0.1,0.02,0.1,8,500,2.0,0.079,False
1584,516,22,0,CACC,12,400,80,0.1,0.02,0.1,8,500,3.0,0.157,False
1585,517,22,0,CACC,12,400,80,0.1,0.02,0.1,8,500,3.0,0.079,False
1586,518,23,0,CACC,12,400,80,0.1,0.02,0.1,8,500,4.0,0.157,True
1587,519,23,0,CACC,12,400,80,0.1,0.02,0.1,8,500,4.0,0.094,False
1588,520,24,0,CACC,12,400,80,0.1,0.02,0.1,8,500,5.0,0.157,True
1589,521,24,0,CACC,12,400,80,0.1,0.02,0.1,8,500,5.0,0.094,True
1590,522,25,0,CACC,12,400,120,0.1,0.01,0.1,8,500,2.0,0.157,False
1591,523,25,0,CACC,12,400,120,0.1,0.01,0.1,8,500,2.0,0.079,False
1592,524,26,0,CACC,12,400,120,0.1,0.01,0.1,8,500,3.0,0.157,False
1593,525,26,0,CACC,12,400,120,0.1,0.01,0.1,8,500,3.0,0.079,False
1594,526,27,0,CACC,12,400,120,0.1,0.01,0.1,8,500,4.0,0.157,False
1595,527,27,0,CACC,12,400,120,0.1,0.01,0.1,8,500,4.0,0.079,False
1596,528,28,0,CACC,12,400,120,0.1,0.01,0.1,8,500,5.0,0.157,False
1597,529,28,0,CACC,12,400,120,0.1,0.01,0.1,8,500,5.0,0.079,False
1598,530,29,0,CACC,12,400,120,0.1,0.02,0.1,8,500,2.0,0.157,False
1599,531,29,0,CACC,12,400,120,0.1,0.02,0.1,8,500,2.0,0.079,False
1600,532,30,0,CACC,12,400,120,0.1,0.02,0.1,8,500,3.0,0.157,False
1601,533,30,0,CACC,12,400,120,0.1,0.02,0.1,8,500,3.0,0.079,False
1602,534,31,0,CACC,12,400,120,0.1,0.02,0.1,8,500,4.0,0.157,False
1603,535,31,0,CACC,12,400,120,0.1,0.02,0.1,8,500,4.0,0.079,False
1604,536,32,0,CACC,12,400,120,0.1,0.02,0.1,8,500,5.0,0.157,False
1605,537,32,0,CACC,12,400,120,0.1,0.02,0.1,8,500,5.0,0.079,False
1606,538,33,0,CACC,12,300,80,0.1,0.01,0.1,8,500,2.0,0.157,True
1607,539,33,0,CACC,12,300,80,0.1,0.01,0.1,8,500,2.0,0.094,True
1608,540,34,0,CACC,12,300,80,0.1,0.01,0.1,8,500,3.0,0.157,True
1609,541,34,0,CACC,12,300,80,0.1,0.01,0.1,8,500,3.0,0.094,True
1610,542,35,0,CACC,12,300,80,0.1,0.01,0.1,8,500,4.0,0.157,True
1611,543,35,0,CACC,12,300,80,0.1,0.01,0.1,8,500,4.0,0.094,False
1612,544,36,0,CACC,12,300,80,0.1,0.01,0.1,8,500,5.0,0.157,True
1613,545,36,0,CACC,12,300,80,0.1,0.01,0.1,8,500,5.0,0.094,True
1614,546,37,0,CACC,12,300,80,0.1,0.02,0.1,8,500,2.0,0.157,True
1615,547,37,0,CACC,12,300,80,0.1,0.02,0.1,8,500,2.0,0.094,True
1616,548,38,0,CACC,12,300,80,0.1,0.02,0.1,8,500,3.0,0.157,True
1617,549,38,0,CACC,12,300,80,0.1,0.02,0.1,8,500,3.0,0.094,True
1618,550,39,0,CACC,12,300,80,0.1,0.02,0.1,8,500,4.0,0.157,False
1619,551,39,0,CACC,12,300,80,0.1,0.02,0.1,8,500,4.0,0.079,False
1620,552,40,0,CACC,12,300,80,0.1,0.02,0.1,8,500,5.0,0.157,False
1621,553,40,0,CACC,12,300,80,0.1,0.02,0.1,8,500,5.0,0.079,False
1622,554,41,0,CACC,12,300,120,0.1,0.01,0.1,8,500,2.0,0.157,False
1623,555,41,0,CACC,12,300,120,0.1,0.01,0.1,8,500,2.0,0.079,False
1624,556,42,0,CACC,12,300,120,0.1,0.01,0.1,8,500,3.0,0.157,False
1625,557,42,0,CACC,12,300,120,0.1,0.01,0.1,8,500,3.0,0.079,False
1626,558,43,0,CACC,12,300,120,0.1,0.01,0.1,8,500,4.0,0.157,False
1627,559,43,0,CACC,12,300,120,0.1,0.01,0.1,8,500,4.0,0.079,False
1628,560,44,0,CACC,12,300,120,0.1,0.01,0.1,8,500,5.0,0.157,False
1629,561,44,0,CACC,12,300,120,0.1,0.01,0.1,8,500,5.0,0.079,False
1630,562,45,0,CACC,12,300,120,0.1,0.02,0.1,8,500,2.0,0.157,False
1631,563,45,0,CACC,12,300,120,0.1,0.02,0.1,8,500,2.0,0.079,False
1632,564,46,0,CACC,12,300,120,0.1,0.02,0.1,8,500,3.0,0.157,False
1633,565,46,0,CACC,12,300,120,0.1,0.02,0.1,8,500,3.0,0.079,False
1634,566,47,0,CACC,12,300,120,0.1,0.02,0.1,8,500,4.0,0.157,False
1635,567,47,0,CACC,12,300,120,0.1,0.02,0.1,8,500,4.0,0.079,False
1636,568,48,0,CACC,12,300,120,0.1,0.02,0.1,8,500,5.0,0.157,False
1637,569,48,0,CACC,12,300,120,0.1,0.02,0.1,8,500,5.0,0.079,False
1638,570,49,0,CACC,10,500,80,0.1,0.01,0.1,8,500,2.0,0.157,False
1639,571,49,0,CACC,10,500,80,0.1,0.01,0.1,8,500,2.0,0.079,True
1640,572,50,0,CACC,10,500,80,0.1,0.01,0.1,8,500,3.0,0.157,True
1641,573,50,0,CACC,10,500,80,0.1,0.01,0.1,8,500,3.0,0.094,False
1642,574,51,0,CACC,10,500,80,0.1,0.01,0.1,8,500,4.0,0.157,True
1643,575,51,0,CACC,10,500,80,0.1,0.01,0.1,8,500,4.0,0.094,True
1644,576,52,0,CACC,10,500,80,0.1,0.01,0.1,8,500,5.0,0.157,True
1645,577,52,0,CACC,10,500,80,0.1,0.01,0.1,8,500,5.0,0.094,True
1646,578,53,0,CACC,10,500,80,0.1,0.02,0.1,8,500,2.0,0.157,False
1647,579,53,0,CACC,10,500,80,0.1,0.02,0.1,8,500,2.0,0.079,True
1648,580,54,0,CACC,10,500,80,0.1,0.02,0.1,8,500,3.0,0.157,False
1649,581,54,0,CACC,10,500,80,0.1,0.02,0.1,8,500,3.0,0.079,False
1650,582,55,0,CACC,10,500,80,0.1,0.02,0.1,8,500,4.0,0.157,False
1651,583,55,0,CACC,10,500,80,0.1,0.02,0.1,8,500,4.0,0.079,False
1652,584,56,0,CACC,10,500,80,0.1,0.02,0.1,8,500,5.0,0.157,False
1653,585,56,0,CACC,10,500,80,0.1,0.02,0.1,8,500,5.0,0.079,False
1654,586,57,0,CACC,10,500,120,0.1,0.01,0.1,8,500,2.0,0.157,False
1655,587,57,0,CACC,10,500,120,0.1,0.01,0.1,8,500,2.0,0.079,False
1656,588,58,0,CACC,10,500,120,0.1,0.01,0.1,8,500,3.0,0.157,False
1657,589,58,0,CACC,10,500,120,0.1,0.01,0.1,8,500,3.0,0.079,False
1658,590,59,0,CACC,10,500,120,0.1,0.01,0.1,8,500,4.0,0.157,False
1659,591,59,0,CACC,10,500,120,0.1,0.01,0.1,8,500,4.0,0.079,False
1660,592,60,0,CACC,10,500,120,0.1,0.01,0.1,8,500,5.0,0.157,False
1661,593,60,0,CACC,10,500,120,0.1,0.01,0.1,8,500,5.0,0.079,False
1662,594,61,0,CACC,10,500,120,0.1,0.02,0.1,8,500,2.0,0.157,False
1663,595,61,0,CACC,10,500,120,0.1,0.02,0.1,8,500,2.0,0.079,False
1664,596,62,0,CACC,10,500,120,0.1,0.02,0.1,8,500,3.0,0.157,False
1665,597,62,0,CACC,10,500,120,0.1,0.02,0.1,8,500,3.0,0.079,False
1666,598,63,0,CACC,10,500,120,0.1,0.02,0.1,8,500,4.0,0.157,False
1667,599,63,0,CACC,10,500,120,0.1,0.02,0.1,8,500,4.0,0.079,False
1668,600,64,0,CACC,10,500,120,0.1,0.02,0.1,8,500,5.0,0.157,False
1669,601,64,0,CACC,10,500,120,0.1,0.02,0.1,8,500,5.0,0.079,False
1670,602,65,0,CACC,10,400,80,0.1,0.01,0.1,8,500,2.0,0.157,True
1671,603,65,0,CACC,10,400,80,0.1,0.01,0.1,8,500,2.0,0.094,True
1672,604,66,0,CACC,10,400,80,0.1,0.01,0.1,8,500,3.0,0.157,False
1673,605,66,0,CACC,10,400,80,0.1,0.01,0.1,8,500,3.0,0.079,True
1674,606,67,0,CACC,10,400,80,0.1,0.01,0.1,8,500,4.0,0.157,False
1675,607,67,0,CACC,10,400,80,0.1,0.01,0.1,8,500,4.0,0.079,False
1676,608,68,0,CACC,10,400,80,0.1,0.01,0.1,8,500,5.0,0.157,True
1677,609,68,0,CACC,10,400,80,0.1,0.01,0.1,8,500,5.0,0.094,True
1678,610,69,0,CACC,10,400,80,0.1,0.02,0.1,8,500,2.0,0.157,False
1679,611,69,0,CACC,10,400,80,0.1,0.02,0.1,8,500,2.0,0.079,False
1680,612,70,0,CACC,10,400,80,0.1,0.02,0.1,8,500,3.0,0.157,False
1681,613,70,0,CACC,10,400,80,0.1,0.02,0.1,8,500,3.0,0.079,False
1682,614,71,0,CACC,10,400,80,0.1,0.02,0.1,8,500,4.0,0.157,False
1683,615,71,0,CACC,10,400,80,0.1,0.02,0.1,8,500,4.0,0.079,False
1684,616,72,0,CACC,10,400,80,0.1,0.02,0.1,8,500,5.0,0.157,True
1685,617,72,0,CACC,10,400,80,0.1,0.02,0.1,8,500,5.0,0.094,False
1686,618,73,0,CACC,10,400,120,0.1,0.01,0.1,8,500,2.0,0.157,False
1687,619,73,0,CACC,10,400,120,0.1,0.01,0.1,8,500,2.0,0.079,False
1688,620,74,0,CACC,10,400,120,0.1,0.01,0.1,8,500,3.0,0.157,False
1689,621,74,0,CACC,10,400,120,0.1,0.01,0.1,8,500,3.0,0.079,False
1690,622,75,0,CACC,10,400,120,0.1,0.01,0.1,8,500,4.0,0.157,False
1691,623,75,0,CACC,10,400,120,0.1,0.01,0.1,8,500,4.0,0.079,False
1692,624,76,0,CACC,10,400,120,0.1,0.01,0.1,8,500,5.0,0.157,False
1693,625,76,0,CACC,10,400,120,0.1,0.01,0.1,8,500,5.0,0.079,False
1694,626,77,0,CACC,10,400,120,0.1,0.02,0.1,8,500,2.0,0.157,False
1695,627,77,0,CACC,10,400,120,0.1,0.02,0.1,8,500,2.0,0.079,False
1696,628,78,0,CACC,10,400,120,0.1,0.02,0.1,8,500,3.0,0.157,False
1697,629,78,0,CACC,10,400,120,0.1,0.02,0.1,8,500,3.0,0.079,False
1698,630,79,0,CACC,10,400,120,0.1,0.02,0.1,8,500,4.0,0.157,False
1699,631,79,0,CACC,10,400,120,0.1,0.02,0.1,8,500,4.0,0.079,False
1700,632,80,0,CACC,10,400,120,0.1,0.02,0.1,8,500,5.0,0.157,False
1701,633,80,0,CACC,10,400,120,0.1,0.02,0.1,8,500,5.0,0.079,False
1702,634,81,0,CACC,10,300,80,0.1,0.01,0.1,8,500,2.0,0.157,True
1703,635,81,0,CACC,10,300,80,0.1,0.01,0.1,8,500,2.0,0.094,True
1704,636,82,0,CACC,10,300,80,0.1,0.01,0.1,8,500,3.0,0.157,True
1705,637,82,0,CACC,10,300,80,0.1,0.01,0.1,8,500,3.0,0.094,True
1706,638,83,0,CACC,10,300,80,0.1,0.01,0.1,8,500,4.0,0.157,False
1707,639,83,0,CACC,10,300,80,0.1,0.01,0.1,8,500,4.0,0.079,False
1708,640,84,0,CACC,10,300,80,0.1,0.01,0.1,8,500,5.0,0.157,False
1709,641,84,0,CACC,10,300,80,0.1,0.01,0.1,8,500,5.0,0.079,True
1710,642,85,0,CACC,10,300,80,0.1,0.02,0.1,8,500,2.0,0.157,False
1711,643,85,0,CACC,10,300,80,0.1,0.02,0.1,8,500,2.0,0.079,False
1712,644,86,0,CACC,10,300,80,0.1,0.02,0.1,8,500,3.0,0.157,True
1713,645,86,0,CACC,10,300,80,0.1,0.02,0.1,8,500,3.0,0.094,False
1714,646,87,0,CACC,10,300,80,0.1,0.02,0.1,8,500,4.0,0.157,False
1715,647,87,0,CACC,10,300,80,0.1,0.02,0.1,8,500,4.0,0.079,True
1716,648,88,0,CACC,10,300,80,0.1,0.02,0.1,8,500,5.0,0.157,False
1717,649,88,0,CACC,10,300,80,0.1,0.02,0.1,8,500,5.0,0.079,False
1718,650,89,0,CACC,10,300,120,0.1,0.01,0.1,8,500,2.0,0.157,False
1719,651,89,0,CACC,10,300,120,0.1,0.01,0.1,8,500,2.0,0.079,False
1720,652,90,0,CACC,10,300,120,0.1,0.01,0.1,8,500,3.0,0.157,False
1721,653,90,0,CACC,10,300,120,0.1,0.01,0.1,8,500,3.0,0.079,False
1722,654,91,0,CACC,10,300,120,0.1,0.01,0.1,8,500,4.0,0.157,False
1723,655,91,0,CACC,10,300,120,0.1,0.01,0.1,8,500,4.0,0.079,False
1724,656,92,0,CACC,10,300,120,0.1,0.01,0.1,8,500,5.0,0.157,False
1725,657,92,0,CACC,10,300,120,0.1,0.01,0.1,8,500,5.0,0.079,False
1726,658,93,0,CACC,10,300,120,0.1,0.02,0.1,8,500,2.0,0.157,False
1727,659,93,0,CACC,10,300,120,0.1,0.02,0.1,8,500,2.0,0.079,False
1728,660,94,0,CACC,10,300,120,0.1,0.02,0.1,8,500,3.0,0.157,False
1729,661,94,0,CACC,10,300,120,0.1,0.02,0.1,8,500,3.0,0.079,False
1730,662,95,0,CACC,10,300,120,0.1,0.02,0.1,8,500,4.0,0.157,False
1731,663,95,0,CACC,10,300,120,0.1,0.02,0.1,8,500,4.0,0.079,False
1732,664,96,0,CACC,10,300,120,0.1,0.02,0.1,8,500,5.0,0.157,False
1733,665,96,0,CACC,10,300,120,0.1,0.02,0.1,8,500,5.0,0.079,False
